Category Name,Category URL
Groceries,https://www.jiomart.com/c/groceries/2
"Biscuits, Drinks & Packaged Foods",https://www.jiomart.com/c/groceries/biscuits-drinks-packaged-foods/28997
Chips & Namkeens,https://www.jiomart.com/c/groceries/biscuits-drinks-packaged-foods/chips-namkeens/29000
Biscuits & Cookies,https://www.jiomart.com/c/groceries/biscuits-drinks-packaged-foods/biscuits-cookies/28998
Chocolates & Candies,https://www.jiomart.com/c/groceries/biscuits-drinks-packaged-foods/chocolates-candies/29001
Indian Sweets,https://www.jiomart.com/c/groceries/biscuits-drinks-packaged-foods/indian-sweets/29004
Drinks & Juices,https://www.jiomart.com/c/groceries/biscuits-drinks-packaged-foods/drinks-juices/29003
Breakfast Cereals,https://www.jiomart.com/c/groceries/biscuits-drinks-packaged-foods/breakfast-cereals/28999
"Noodles, Pasta & Vermicelli",https://www.jiomart.com/c/groceries/biscuits-drinks-packaged-foods/noodles-pasta-vermicelli/29005
Ready To Cook & Eat,https://www.jiomart.com/c/groceries/biscuits-drinks-packaged-foods/ready-to-cook-eat/29007
"Spread, Sauces & Ketchup",https://www.jiomart.com/c/groceries/biscuits-drinks-packaged-foods/spread-sauces-ketchup/29008
"Pickles, Chutney & Flavouring",https://www.jiomart.com/c/groceries/biscuits-drinks-packaged-foods/pickles-chutney-flavouring/29006
Tea,https://www.jiomart.com/c/groceries/biscuits-drinks-packaged-foods/tea/29661
Coffee,https://www.jiomart.com/c/groceries/biscuits-drinks-packaged-foods/coffee/29662
Fruits & Vegetables,https://www.jiomart.com/c/groceries/fruits-vegetables/219
Fresh Fruits,https://www.jiomart.com/c/groceries/fruits-vegetables/fresh-fruits/220
Basic Vegetables,https://www.jiomart.com/c/groceries/fruits-vegetables/basic-vegetables/28981
"Roots, Herbs & Others",https://www.jiomart.com/c/groceries/fruits-vegetables/roots-herbs-others/28982
Premium Fruits & Vegetables,https://www.jiomart.com/c/groceries/fruits-vegetables/premium-fruits-vegetables/28983
Cooking Essentials,https://www.jiomart.com/c/groceries/cooking-essentials/28984
"Atta, Flours & Sooji",https://www.jiomart.com/c/groceries/cooking-essentials/atta-flours-sooji/28985
Dals & Pulses,https://www.jiomart.com/c/groceries/cooking-essentials/dals-pulses/28986
Rice,https://www.jiomart.com/c/groceries/cooking-essentials/rice/28987
"Sabudana, Poha & Murmura",https://www.jiomart.com/c/groceries/cooking-essentials/sabudana-poha-murmura/28988
Edible Oils,https://www.jiomart.com/c/groceries/cooking-essentials/edible-oils/28989
"Masala, Spices & Mukhwas",https://www.jiomart.com/c/groceries/cooking-essentials/masalas-spices-mukhwas/28990
"Salt, Sugar & Jaggery",https://www.jiomart.com/c/groceries/cooking-essentials/salt-sugar-jaggery/28991
Wheat & Soya,https://www.jiomart.com/c/groceries/cooking-essentials/wheat-soya/28992
Ghee,https://www.jiomart.com/c/groceries/cooking-essentials/ghee/28993
Dry Fruits & Nuts,https://www.jiomart.com/c/groceries/cooking-essentials/dry-fruits-nuts/28994
Millets & Other Grains,https://www.jiomart.com/c/groceries/cooking-essentials/millets-other-grains/28995
Combo Offers,https://www.jiomart.com/c/groceries/cooking-essentials/combo-offers/28996
Dairy & Bakery,https://www.jiomart.com/c/groceries/dairy-bakery/61
Milk & Milk Products,https://www.jiomart.com/c/groceries/dairy-bakery/milk-milk-products/29011
"Cheese, Paneer & Tofu",https://www.jiomart.com/c/groceries/dairy-bakery/cheese-paneer-tofu/29010
Batter & Chutney,https://www.jiomart.com/c/groceries/dairy-bakery/batter-chutney/407
Toast & Khari,https://www.jiomart.com/c/groceries/dairy-bakery/toast-khari/102
Cakes & Muffins,https://www.jiomart.com/c/groceries/dairy-bakery/cakes-muffins/125
Breads & Buns,https://www.jiomart.com/c/groceries/dairy-bakery/breads-and-buns/267
Baked Cookies,https://www.jiomart.com/c/groceries/dairy-bakery/baked-cookies/273
Bakery Snacks,https://www.jiomart.com/c/groceries/dairy-bakery/bakery-snacks/281
Personal Care,https://www.jiomart.com/c/groceries/personal-care/91
Hair Care,https://www.jiomart.com/c/groceries/personal-care/hair-care/92
Bath & Hand Wash,https://www.jiomart.com/c/groceries/personal-care/bath-hand-wash/119
Oral Care,https://www.jiomart.com/c/groceries/personal-care/oral-care/132
Skin Care,https://www.jiomart.com/c/groceries/personal-care/skin-care/122
Feminine Hygiene,https://www.jiomart.com/c/groceries/personal-care/feminine-hygiene/134
Men's Grooming,https://www.jiomart.com/c/groceries/personal-care/men-s-grooming/163
Deo & Fragrances,https://www.jiomart.com/c/groceries/personal-care/deo-fragrances/172
Health & Wellness,https://www.jiomart.com/c/groceries/personal-care/health-wellness/165
Beauty,https://www.jiomart.com/c/groceries/beauty/6607
Face,https://www.jiomart.com/c/groceries/beauty/face/29989
Nails & Lips,https://www.jiomart.com/c/groceries/beauty/nails-lips/29991
Eyes,https://www.jiomart.com/c/groceries/beauty/eyes/30045
Beauty Accessories,https://www.jiomart.com/c/groceries/beauty/beauty-accessories/30011
Mom & Baby Care,https://www.jiomart.com/c/groceries/mom-baby-care/2551
Diapers & Wipes,https://www.jiomart.com/c/groceries/mom-baby-care/diapers-wipes/2564
"Bath, Hygiene & Grooming",https://www.jiomart.com/c/groceries/mom-baby-care/baby-bath-hygiene/2562
Food & Feeding,https://www.jiomart.com/c/groceries/mom-baby-care/food-feeding/30013
"Bedding, Toys & Accessories",https://www.jiomart.com/c/groceries/mom-baby-care/bedding-toys-accessories/30012
Home Care,https://www.jiomart.com/c/groceries/home-care/36
Detergents & Cleaners,https://www.jiomart.com/c/groceries/home-care/detergents-cleaners/29119
Dishwash,https://www.jiomart.com/c/groceries/home-care/dishwash/148
Fresheners & Repellents,https://www.jiomart.com/c/groceries/home-care/fresheners-repellents/65
Bathroom & Laundry Accessories,https://www.jiomart.com/c/groceries/home-care/bathroom-laundry-accessories/207
Pooja Needs,https://www.jiomart.com/c/groceries/home-care/pooja-needs/156
Basic Electricals,https://www.jiomart.com/c/groceries/home-care/basic-electricals/30164
Shoe Care,https://www.jiomart.com/c/groceries/home-care/shoe-care/139
Cleaning Tools,https://www.jiomart.com/c/groceries/home-care/cleaning-tools/30447
Kitchenware,https://www.jiomart.com/c/groceries/kitchenware/19695
Cookers & Steamers,https://www.jiomart.com/c/groceries/kitchenware/cookers-steamers/32908
Gas Stove,https://www.jiomart.com/c/groceries/kitchenware/gas-stove/30007
Pots & Pans,https://www.jiomart.com/c/groceries/kitchenware/pots-pans/32904
Containers & Storage,https://www.jiomart.com/c/groceries/kitchenware/containers-storage/30008
"Flask, Bottle & Tiffin Boxes",https://www.jiomart.com/c/groceries/kitchenware/flask-bottle-tiffin-boxes/30005
Cutting & Chopping,https://www.jiomart.com/c/groceries/kitchenware/cutting-chopping/30002
Bakeware,https://www.jiomart.com/c/groceries/kitchenware/bakeware/30006
Tableware,https://www.jiomart.com/c/groceries/tableware/30016
Dining,https://www.jiomart.com/c/groceries/tableware/dining/30195
Serveware,https://www.jiomart.com/c/groceries/tableware/serveware/30426
"Cups, Mugs & More",https://www.jiomart.com/c/groceries/tableware/cups-mugs-more/30423
Glassware & Drinkware,https://www.jiomart.com/c/groceries/tableware/glassware-drinkware/30425
Cutlery,https://www.jiomart.com/c/groceries/tableware/cutlery/32906
Barware,https://www.jiomart.com/c/groceries/tableware/barware/30017
Serving Aids,https://www.jiomart.com/c/groceries/tableware/serving-aids/32907
Table Accessories,https://www.jiomart.com/c/groceries/tableware/table-accessories/30422
"School, Office & Stationery",https://www.jiomart.com/c/groceries/school-office-stationery/29985
Notebooks & Paper Products,https://www.jiomart.com/c/groceries/school-office-stationery/notebooks-paper-products/29999
Writing Instruments & Accessories,https://www.jiomart.com/c/groceries/school-office-stationery/writing-instruments-accessories/29986
School Supplies,https://www.jiomart.com/c/groceries/school-office-stationery/school-supplies/29992
Office Supplies,https://www.jiomart.com/c/groceries/school-office-stationery/office-supplies/29993
Party Accessories,https://www.jiomart.com/c/groceries/school-office-stationery/party-accessories/29995
"Art, Craft & Hobby",https://www.jiomart.com/c/groceries/school-office-stationery/art-craft-hobby/29998
Children's Books,https://www.jiomart.com/c/groceries/school-office-stationery/children-s-books/30009
School Textbooks,https://www.jiomart.com/c/groceries/school-office-stationery/school-textbooks/30014
Disposables,https://www.jiomart.com/c/groceries/disposables/30000
Food Wrapping Essentials,https://www.jiomart.com/c/groceries/disposables/food-wrapping-essentials/32899
Home Hygiene,https://www.jiomart.com/c/groceries/disposables/home-hygiene/32900
Plates & Cutlery,https://www.jiomart.com/c/groceries/disposables/plates-cutlery/32901
Tissues & Napkins,https://www.jiomart.com/c/groceries/disposables/tissues-napkins/32902
Crafts of India,https://www.jiomart.com/c/groceries/crafts-of-india/30189
Bathroom & Laundry Accessories,https://www.jiomart.com/c/groceries/crafts-of-india/bathroom-laundry-accessories/30432
Kitchenware,https://www.jiomart.com/c/groceries/crafts-of-india/kitchenware/30190
Tableware,https://www.jiomart.com/c/groceries/crafts-of-india/tableware/30433
Pooja Needs,https://www.jiomart.com/c/groceries/crafts-of-india/pooja-needs/30434
Other Stationery,https://www.jiomart.com/c/groceries/crafts-of-india/other-stationery/30435
"Art, Craft & Hobby",https://www.jiomart.com/c/groceries/crafts-of-india/art-craft-hobby/30400
Notebooks & Paper Products,https://www.jiomart.com/c/groceries/crafts-of-india/notebooks-paper-products/30436
"Bottles, Boxes & Containers",https://www.jiomart.com/c/groceries/crafts-of-india/bottles-boxes-containers/33032
Gifts & Hampers,https://www.jiomart.com/c/groceries/gifts-hampers/30023
Tea Gifts,https://www.jiomart.com/c/groceries/gifts-hampers/tea-gifts/30024
Chocolate Gifts,https://www.jiomart.com/c/groceries/gifts-hampers/chocolate-gifts/30025
Gourmet Gifts,https://www.jiomart.com/c/groceries/gifts-hampers/gourmet-gifts/30026
Fashion Jewellery,https://www.jiomart.com/c/groceries/fashion-jewellery/32801
Imitation Jewellery,https://www.jiomart.com/c/groceries/fashion-jewellery/imitation-jewellery/32802
Handmade Jewellery,https://www.jiomart.com/c/groceries/fashion-jewellery/handmade-jewellery/32803
Home & Lifestyle,https://www.jiomart.com/c/homeandkitchen/8582
Kitchenware,https://www.jiomart.com/c/homeandkitchen/kitchenware/8737
Cookware,https://www.jiomart.com/c/homeandkitchen/kitchenware/cookware/8740
Cookers & Steamers,https://www.jiomart.com/c/homeandkitchen/kitchenware/cookers-steamers/33025
Gas Stove,https://www.jiomart.com/c/homeandkitchen/kitchenware/gas-stove/8742
Pots & Pans,https://www.jiomart.com/c/homeandkitchen/kitchenware/pots-pans/33028
Containers & Storage,https://www.jiomart.com/c/homeandkitchen/kitchenware/containers-storage/8739
"Flask, Bottle & Tiffin Boxes",https://www.jiomart.com/c/homeandkitchen/kitchenware/flask-bottle-tiffin-boxes/33027
Cutting & Chopping,https://www.jiomart.com/c/homeandkitchen/kitchenware/cutting-chopping/33026
Kitchen Tools,https://www.jiomart.com/c/homeandkitchen/kitchenware/kitchen-tools/8743
Bakeware,https://www.jiomart.com/c/homeandkitchen/kitchenware/bakeware/8738
Home Furnishing,https://www.jiomart.com/c/homeandkitchen/home-furnishing/31376
Bedding,https://www.jiomart.com/c/homeandkitchen/home-furnishing/bedding/31421
Curtains & Accessories,https://www.jiomart.com/c/homeandkitchen/home-furnishing/curtains-accessories/31415
Bathroom Linen,https://www.jiomart.com/c/homeandkitchen/home-furnishing/bathroom-linen/31431
Cushions & Cushion Covers,https://www.jiomart.com/c/homeandkitchen/home-furnishing/cushions-cushion-covers/31417
Kitchen Linens,https://www.jiomart.com/c/homeandkitchen/home-furnishing/kitchen-linens/31377
Slipcovers & Diwan Set,https://www.jiomart.com/c/homeandkitchen/home-furnishing/slipcovers-diwan-set/31386
Umbrellas & Raincoats,https://www.jiomart.com/c/homeandkitchen/home-furnishing/umbrellas-raincoats/33118
"Mats, Rugs & Carpets",https://www.jiomart.com/c/homeandkitchen/home-furnishing/mats-rugs-carpets/33109
Sports & Fitness,https://www.jiomart.com/c/homeandkitchen/sports-fitness/31510
Cycles,https://www.jiomart.com/c/homeandkitchen/sports-fitness/cycles/33319
Fitness Equipment & Accessories,https://www.jiomart.com/c/homeandkitchen/sports-fitness/fitness-equipment-accessories/33331
Outdoor,https://www.jiomart.com/c/homeandkitchen/sports-fitness/outdoor/31664
Indoor,https://www.jiomart.com/c/homeandkitchen/sports-fitness/indoor/31668
Bags & Travel Luggage,https://www.jiomart.com/c/homeandkitchen/bags-travel-luggage/31482
Trolleys & Suitcases,https://www.jiomart.com/c/homeandkitchen/bags-travel-luggage/trolleys-suitcases/31900
Backpacks & Travel Luggage,https://www.jiomart.com/c/homeandkitchen/bags-travel-luggage/backpacks-travel-luggage/31882
Travel Accessories,https://www.jiomart.com/c/homeandkitchen/bags-travel-luggage/travel-accessories/31483
Shopping & Other Bags,https://www.jiomart.com/c/homeandkitchen/bags-travel-luggage/shopping-other-bags/31523
Bathroom & Laundry Accessories,https://www.jiomart.com/c/homeandkitchen/bathroom-laundry-accessories/8655
Laundry Essentials,https://www.jiomart.com/c/homeandkitchen/bathroom-laundry-accessories/laundry-essentials/8659
"Buckets, Mugs,Tubs & Stool",https://www.jiomart.com/c/homeandkitchen/bathroom-laundry-accessories/buckets-mugs-tubs-stool/8657
Bathroom Accessories,https://www.jiomart.com/c/homeandkitchen/bathroom-laundry-accessories/bathroom-accessories/8656
"Hooks, Clips & Hangers",https://www.jiomart.com/c/homeandkitchen/bathroom-laundry-accessories/hooks-clips-hangers/8658
Home Decor,https://www.jiomart.com/c/homeandkitchen/home-decor/8722
Lights,https://www.jiomart.com/c/homeandkitchen/home-decor/lights/31451
Home Decor Accents,https://www.jiomart.com/c/homeandkitchen/home-decor/home-decor-accents/8730
Home Fragrances,https://www.jiomart.com/c/homeandkitchen/home-decor/home-fragrances/8731
Artificial Flora & Vases,https://www.jiomart.com/c/homeandkitchen/home-decor/artificial-flora-vases/8723
Decorative Stickers,https://www.jiomart.com/c/homeandkitchen/home-decor/decorative-stickers/8728
Festive Decor and Gifting,https://www.jiomart.com/c/homeandkitchen/home-decor/festive-decor-and-gifting/8729
Artwork,https://www.jiomart.com/c/homeandkitchen/home-decor/artwork/8724
Wind Chimes & Dream Catchers,https://www.jiomart.com/c/homeandkitchen/home-decor/wind-chimes-dream-catchers/8736
Photo Frames,https://www.jiomart.com/c/homeandkitchen/home-decor/photo-frames/8734
Candle Holders,https://www.jiomart.com/c/homeandkitchen/home-decor/candle-holders/8725
Mirrors,https://www.jiomart.com/c/homeandkitchen/home-decor/mirrors/8733
Clocks & Wall Decor,https://www.jiomart.com/c/homeandkitchen/home-decor/clocks-wall-decor/31429
Disposables,https://www.jiomart.com/c/homeandkitchen/disposables/8660
Food Wrapping Essentials,https://www.jiomart.com/c/homeandkitchen/disposables/food-wrapping-essentials/33182
Home Hygiene,https://www.jiomart.com/c/homeandkitchen/disposables/home-hygiene/33183
Plates & Cutlery,https://www.jiomart.com/c/homeandkitchen/disposables/plates-cutlery/33184
Tissues & Napkins,https://www.jiomart.com/c/homeandkitchen/disposables/tissues-napkins/33185
Prayer & Spiritual Needs,https://www.jiomart.com/c/homeandkitchen/prayer-spiritual-needs/8746
Lamp Oil,https://www.jiomart.com/c/homeandkitchen/prayer-spiritual-needs/lamp-oil/8754
Agarbatti,https://www.jiomart.com/c/homeandkitchen/prayer-spiritual-needs/agarbatti/8747
Camphor,https://www.jiomart.com/c/homeandkitchen/prayer-spiritual-needs/camphor/8748
Dhoop,https://www.jiomart.com/c/homeandkitchen/prayer-spiritual-needs/dhoop/8750
Prayer Implements,https://www.jiomart.com/c/homeandkitchen/prayer-spiritual-needs/prayer-implements/8816
Lanterns,https://www.jiomart.com/c/homeandkitchen/prayer-spiritual-needs/lanterns/8755
Feng Shui,https://www.jiomart.com/c/homeandkitchen/prayer-spiritual-needs/feng-shui/8752
Candles & Wicks,https://www.jiomart.com/c/homeandkitchen/prayer-spiritual-needs/candles-wicks/33186
Tableware,https://www.jiomart.com/c/homeandkitchen/tableware/8836
Dining,https://www.jiomart.com/c/homeandkitchen/tableware/dining/33031
Serveware,https://www.jiomart.com/c/homeandkitchen/tableware/serveware/8842
"Cups, Mugs & more",https://www.jiomart.com/c/homeandkitchen/tableware/cups-mugs-more/8838
Glassware & Drinkware,https://www.jiomart.com/c/homeandkitchen/tableware/glassware-drinkware/8840
Cutlery,https://www.jiomart.com/c/homeandkitchen/tableware/cutlery/33029
Barware,https://www.jiomart.com/c/homeandkitchen/tableware/barware/8837
Serving Aids,https://www.jiomart.com/c/homeandkitchen/tableware/serving-aids/33030
Table Accessories,https://www.jiomart.com/c/homeandkitchen/tableware/table-accessories/8843
Furniture,https://www.jiomart.com/c/homeandkitchen/furniture/8680
Seating,https://www.jiomart.com/c/homeandkitchen/furniture/seating/8712
Mattress,https://www.jiomart.com/c/homeandkitchen/furniture/mattress/8689
Storage & Cabinets,https://www.jiomart.com/c/homeandkitchen/furniture/storage-cabinets/8714
Tables,https://www.jiomart.com/c/homeandkitchen/furniture/tables/8715
Outdoor Furniture,https://www.jiomart.com/c/homeandkitchen/furniture/outdoor-furniture/8693
Kids Furniture,https://www.jiomart.com/c/homeandkitchen/furniture/kids-furniture/8688
Living & Dining,https://www.jiomart.com/c/homeandkitchen/furniture/living-dining/31390
Work & Study,https://www.jiomart.com/c/homeandkitchen/furniture/work-study/31170
Healthcare Furniture,https://www.jiomart.com/c/homeandkitchen/furniture/healthcare-furniture/8685
Sofas & Couches,https://www.jiomart.com/c/homeandkitchen/furniture/sofas-couches/8713
Dining Furniture,https://www.jiomart.com/c/homeandkitchen/furniture/dining-furniture/8683
Beds,https://www.jiomart.com/c/homeandkitchen/furniture/beds/8682
Lifestyle Furniture,https://www.jiomart.com/c/homeandkitchen/furniture/lifestyle-furniture/31394
Bedroom & Others,https://www.jiomart.com/c/homeandkitchen/furniture/bedroom-others/31388
Bar Furniture,https://www.jiomart.com/c/homeandkitchen/furniture/bar-furniture/8681
Others,https://www.jiomart.com/c/homeandkitchen/furniture/others/31163
Toys & Games,https://www.jiomart.com/c/homeandkitchen/toys-games/31513
Toy Vehicles & Ride-Ons,https://www.jiomart.com/c/homeandkitchen/toys-games/toy-vehicles-ride-ons/31514
Indoor & Board Games,https://www.jiomart.com/c/homeandkitchen/toys-games/indoor-board-games/31516
Learning & Education,https://www.jiomart.com/c/homeandkitchen/toys-games/learning-education/31537
Outdoor Games,https://www.jiomart.com/c/homeandkitchen/toys-games/outdoor-games/31584
DIY,https://www.jiomart.com/c/homeandkitchen/diy/31172
Auto Care,https://www.jiomart.com/c/homeandkitchen/diy/auto-care/31173
Batteries & Electricals,https://www.jiomart.com/c/homeandkitchen/diy/batteries-electricals/33034
Ladder,https://www.jiomart.com/c/homeandkitchen/diy/ladder/33040
Safety & Security,https://www.jiomart.com/c/homeandkitchen/diy/safety-security/33036
Garden & Outdoor,https://www.jiomart.com/c/homeandkitchen/garden-outdoor/8716
Gardening,https://www.jiomart.com/c/homeandkitchen/garden-outdoor/gardening/8718
Insect & Animal Control,https://www.jiomart.com/c/homeandkitchen/garden-outdoor/insect-animal-control/8719
Barbeque,https://www.jiomart.com/c/homeandkitchen/garden-outdoor/barbeque/8717
Outdoor Decor,https://www.jiomart.com/c/homeandkitchen/garden-outdoor/outdoor-decor/8720
Home Care,https://www.jiomart.com/c/homeandkitchen/home-care/31137
Clothesline & Clips,https://www.jiomart.com/c/homeandkitchen/home-care/clothesline-clips/31350
Invertor Trolley,https://www.jiomart.com/c/homeandkitchen/home-care/invertor-trolley/31355
Key Holders & Hooks,https://www.jiomart.com/c/homeandkitchen/home-care/key-holders-hooks/31357
Storage & Organisers,https://www.jiomart.com/c/homeandkitchen/home-care/storage-organisers/31138
Crafts of India,https://www.jiomart.com/c/homeandkitchen/crafts-of-india/31488
Indoor & Board Games,https://www.jiomart.com/c/homeandkitchen/crafts-of-india/indoor-board-games/31506
Home Decor,https://www.jiomart.com/c/homeandkitchen/crafts-of-india/home-decor/31489
Furnishing,https://www.jiomart.com/c/homeandkitchen/crafts-of-india/furnishing/31493
Home Furnishing,https://www.jiomart.com/c/homeandkitchen/crafts-of-india/home-furnishing/31495
Furniture,https://www.jiomart.com/c/homeandkitchen/crafts-of-india/furniture/31504
Backpacks & Travel Luggage,https://www.jiomart.com/c/homeandkitchen/crafts-of-india/backpacks-travel-luggage/33417
Outdoor Decor,https://www.jiomart.com/c/homeandkitchen/crafts-of-india/outdoor-decor/33427
Books,https://www.jiomart.com/c/homeandkitchen/books/31179
Literature & Fiction,https://www.jiomart.com/c/homeandkitchen/books/literature-fiction/31184
Professional,https://www.jiomart.com/c/homeandkitchen/books/professional/31180
Non Fiction Books,https://www.jiomart.com/c/homeandkitchen/books/non-fiction-books/31182
Specialised,https://www.jiomart.com/c/homeandkitchen/books/specialised/31187
Handloom & Handicraft,https://www.jiomart.com/c/homeandkitchen/handloom-handicraft/31985
Home Furnishing,https://www.jiomart.com/c/homeandkitchen/handloom-handicraft/home-furnishing/31986
Pooja Needs,https://www.jiomart.com/c/homeandkitchen/handloom-handicraft/pooja-needs/31988
Pet Care,https://www.jiomart.com/c/homeandkitchen/pet-care/31989
Birds,https://www.jiomart.com/c/homeandkitchen/pet-care/birds/31990
Cats,https://www.jiomart.com/c/homeandkitchen/pet-care/cats/31991
Dogs,https://www.jiomart.com/c/homeandkitchen/pet-care/dogs/31992
Others,https://www.jiomart.com/c/homeandkitchen/pet-care/others/31993
Electronics,https://www.jiomart.com/c/electronics/4
Mobiles & Tablets,https://www.jiomart.com/c/electronics/mobiles-tablets/757
Mobiles,https://www.jiomart.com/c/electronics/mobiles-tablets/mobiles/32118
Tablets & eReaders,https://www.jiomart.com/c/electronics/mobiles-tablets/tablets-ereaders/776
Charger & Powerbanks,https://www.jiomart.com/c/electronics/mobiles-tablets/charger-powerbanks/32117
Accessories,https://www.jiomart.com/c/electronics/mobiles-tablets/accessories/32016
Computers & Accessories,https://www.jiomart.com/c/electronics/computers-accessories/31995
Laptops & Desktops,https://www.jiomart.com/c/electronics/computers-accessories/laptops-desktops/31996
Printers & Inks,https://www.jiomart.com/c/electronics/computers-accessories/printers-inks/32137
Storage,https://www.jiomart.com/c/electronics/computers-accessories/storage/32138
IT Peripherals & Accessories,https://www.jiomart.com/c/electronics/computers-accessories/it-peripherals-accessories/32127
TV & Home Entertainment,https://www.jiomart.com/c/electronics/tv-home-entertainment/32148
Televisions,https://www.jiomart.com/c/electronics/tv-home-entertainment/televisions/32152
Television Accessories,https://www.jiomart.com/c/electronics/tv-home-entertainment/television-accessories/32151
Home Audio,https://www.jiomart.com/c/electronics/tv-home-entertainment/home-audio/32150
Gaming,https://www.jiomart.com/c/electronics/tv-home-entertainment/gaming/32149
Large Appliances,https://www.jiomart.com/c/electronics/large-appliances/32144
Air Conditioners,https://www.jiomart.com/c/electronics/large-appliances/air-conditioners/32145
Refrigerators,https://www.jiomart.com/c/electronics/large-appliances/refrigerators/32527
Washing Machines,https://www.jiomart.com/c/electronics/large-appliances/washing-machines/32147
Microwave OTG & Air Fryers,https://www.jiomart.com/c/electronics/large-appliances/microwave-otg-air-fryers/32146
Audio & Smart Home,https://www.jiomart.com/c/electronics/audio-smart-home/32119
Headphones & Earbuds,https://www.jiomart.com/c/electronics/audio-smart-home/headphones-earbuds/32120
Bluetooth & Smart Speakers,https://www.jiomart.com/c/electronics/audio-smart-home/bluetooth-smart-speakers/32121
Karaoke & Radio,https://www.jiomart.com/c/electronics/audio-smart-home/karaoke-radio/32122
Smart Home Devices,https://www.jiomart.com/c/electronics/audio-smart-home/smart-home-devices/32702
Home Appliances,https://www.jiomart.com/c/electronics/home-appliances/724
Fans & Air Coolers,https://www.jiomart.com/c/electronics/home-appliances/fans-air-coolers/32139
Water Purifiers,https://www.jiomart.com/c/electronics/home-appliances/water-purifiers/32143
Irons & Steamers,https://www.jiomart.com/c/electronics/home-appliances/irons-steamers/32142
Geysers & Heaters,https://www.jiomart.com/c/electronics/home-appliances/geysers-heaters/32140
Vacuum Cleaners,https://www.jiomart.com/c/electronics/home-appliances/vacuum-cleaners/796
Air Purifiers,https://www.jiomart.com/c/electronics/home-appliances/air-purifiers/821
Invertors & Stabilizers,https://www.jiomart.com/c/electronics/home-appliances/invertors-stabilizers/32141
Sewing Machines,https://www.jiomart.com/c/electronics/home-appliances/sewing-machines/809
Kitchen Appliances,https://www.jiomart.com/c/electronics/kitchen-appliances/727
Breakfast Appliances,https://www.jiomart.com/c/electronics/kitchen-appliances/breakfast-appliances/32364
Cooking Appliances,https://www.jiomart.com/c/electronics/kitchen-appliances/cooking-appliances/32366
Juicers & Mixer Grinders,https://www.jiomart.com/c/electronics/kitchen-appliances/juicers-mixer-grinders/32332
Chimneys & Hobs,https://www.jiomart.com/c/electronics/kitchen-appliances/chimneys-hobs/32660
Wearables & Smart Tech,https://www.jiomart.com/c/electronics/wearables-smart-tech/32153
Smart Watches,https://www.jiomart.com/c/electronics/wearables-smart-tech/smart-watches/32695
Smart Watch Accessories,https://www.jiomart.com/c/electronics/wearables-smart-tech/smart-watch-accessories/32154
Smart Tags,https://www.jiomart.com/c/electronics/wearables-smart-tech/smart-tags/32156
Smart Glasses & VR Headset,https://www.jiomart.com/c/electronics/wearables-smart-tech/smart-glasses-vr-headset/32155
Personal Care & Grooming Appliances,https://www.jiomart.com/c/electronics/personal-care-grooming-appliances/32166
Shavers & Trimmers,https://www.jiomart.com/c/electronics/personal-care-grooming-appliances/shavers-trimmers/32170
Hair Dryers & Stylers,https://www.jiomart.com/c/electronics/personal-care-grooming-appliances/hair-dryers-stylers/32168
Fitness & Massagers,https://www.jiomart.com/c/electronics/personal-care-grooming-appliances/fitness-massagers/32167
Health & Oral Care,https://www.jiomart.com/c/electronics/personal-care-grooming-appliances/health-oral-care/32169
Camera & Musical Instruments,https://www.jiomart.com/c/electronics/camera-musical-instruments/32023
Camera,https://www.jiomart.com/c/electronics/camera-musical-instruments/camera/32165
Accessories,https://www.jiomart.com/c/electronics/camera-musical-instruments/accessories/32025
Musical Instruments,https://www.jiomart.com/c/electronics/camera-musical-instruments/musical-instruments/32164
Fashion,https://www.jiomart.com/c/fashion/3
Men,https://www.jiomart.com/c/fashion/men/496
Western Wear,https://www.jiomart.com/c/fashion/men/western-wear/504
Inner Wear,https://www.jiomart.com/c/fashion/men/inner-wear/523
Ethnic Wear,https://www.jiomart.com/c/fashion/men/ethnic-wear/534
Footwear,https://www.jiomart.com/c/fashion/men/footwear/1480
Night & Loungewear,https://www.jiomart.com/c/fashion/men/night-loungewear/4058
Night & Lounge Wear,https://www.jiomart.com/c/fashion/men/night-lounge-wear/2094
Clothing Accessories,https://www.jiomart.com/c/fashion/men/clothing-accessories/497
Watches,https://www.jiomart.com/c/fashion/men/watches/4120
Eyewear,https://www.jiomart.com/c/fashion/men/eyewear/2297
"Bags, Belts & Wallets",https://www.jiomart.com/c/fashion/men/bags-belts-wallets/528
Gemstones Coins & Bars,https://www.jiomart.com/c/fashion/men/gemstones-coins-bars/6123
Silver Jewellery,https://www.jiomart.com/c/fashion/men/silver-jewellery/6122
Accessories,https://www.jiomart.com/c/fashion/men/accessories/20648
Timewear,https://www.jiomart.com/c/fashion/men/timewear/5924
Watch Accessories,https://www.jiomart.com/c/fashion/men/watch-accessories/4608
Women,https://www.jiomart.com/c/fashion/women/493
Ethnic Wear,https://www.jiomart.com/c/fashion/women/ethnic-wear/494
Western Wear,https://www.jiomart.com/c/fashion/women/western-wear/510
Footwear,https://www.jiomart.com/c/fashion/women/footwear/1483
"Bags, Belts & Wallets",https://www.jiomart.com/c/fashion/women/bags-belts-wallets/544
Watches,https://www.jiomart.com/c/fashion/women/watches/4121
Eyewear,https://www.jiomart.com/c/fashion/women/eyewear/2301
Lingerie & Innerwear,https://www.jiomart.com/c/fashion/women/lingerie-innerwear/537
Night & Loungewear,https://www.jiomart.com/c/fashion/women/night-loungewear/3962
Night & Lounge Wear,https://www.jiomart.com/c/fashion/women/night-lounge-wear/1414
Clothing Accessories,https://www.jiomart.com/c/fashion/women/clothing-accessories/513
Gemstones Coins & Bars,https://www.jiomart.com/c/fashion/women/gemstones-coins-bars/6126
Silver Jewellery,https://www.jiomart.com/c/fashion/women/silver-jewellery/6124
Fusion Wear,https://www.jiomart.com/c/fashion/women/fusion-wear/573
Accessories,https://www.jiomart.com/c/fashion/women/accessories/20649
Fashion Jewellery,https://www.jiomart.com/c/fashion/women/fashion-jewellery/2285
Timewear,https://www.jiomart.com/c/fashion/women/timewear/5929
"Bags, Belts & Wallets",https://www.jiomart.com/c/fashion/women/bags-belts-amp-wallets/23012
Precious Articles,https://www.jiomart.com/c/fashion/women/precious-articles/6125
Handloom & Handicraft,https://www.jiomart.com/c/fashion/women/handloom-handicraft/6178
Boys,https://www.jiomart.com/c/fashion/boys/499
Western Wear,https://www.jiomart.com/c/fashion/boys/western-wear/500
Ethnic Wear,https://www.jiomart.com/c/fashion/boys/ethnic-wear/598
Footwear,https://www.jiomart.com/c/fashion/boys/footwear/1470
Night & Loungewear,https://www.jiomart.com/c/fashion/boys/night-loungewear/4057
Inner Wear,https://www.jiomart.com/c/fashion/boys/inner-wear/4056
Clothing Accessories,https://www.jiomart.com/c/fashion/boys/clothing-accessories/617
"Bags, Belts & Wallets",https://www.jiomart.com/c/fashion/boys/bags-belts-wallets/2060
Watches,https://www.jiomart.com/c/fashion/boys/watches/4118
Eyewear,https://www.jiomart.com/c/fashion/boys/eyewear/4104
Watch Accessories,https://www.jiomart.com/c/fashion/boys/watch-accessories/4606
Accessories,https://www.jiomart.com/c/fashion/boys/accessories/20650
Inner & Nightwear,https://www.jiomart.com/c/fashion/boys/inner-nightwear/1554
Girls,https://www.jiomart.com/c/fashion/girls/563
Western Wear,https://www.jiomart.com/c/fashion/girls/western-wear/564
Ethnic Wear,https://www.jiomart.com/c/fashion/girls/ethnic-wear/594
Footwear,https://www.jiomart.com/c/fashion/girls/footwear/1472
Night & Loungewear,https://www.jiomart.com/c/fashion/girls/night-loungewear/1561
Inner Wear,https://www.jiomart.com/c/fashion/girls/inner-wear/4099
Clothing Accessories,https://www.jiomart.com/c/fashion/girls/clothing-accessories/619
"Bags, Belts & Wallets",https://www.jiomart.com/c/fashion/girls/bags-belts-wallets/1432
Watches,https://www.jiomart.com/c/fashion/girls/watches/4119
Eyewear,https://www.jiomart.com/c/fashion/girls/eyewear/4105
Watch Accessories,https://www.jiomart.com/c/fashion/girls/watch-accessories/4607
Inner & Nightwear,https://www.jiomart.com/c/fashion/girls/inner-nightwear/1563
"Bags, Belts & Wallets",https://www.jiomart.com/c/fashion/girls/bags-belts-amp-wallets/28251
Infants,https://www.jiomart.com/c/fashion/infants/550
Western Wear,https://www.jiomart.com/c/fashion/infants/western-wear/551
Clothing Accessories,https://www.jiomart.com/c/fashion/infants/clothing-accessories/1652
Footwear,https://www.jiomart.com/c/fashion/infants/footwear/1474
Ethnic Wear,https://www.jiomart.com/c/fashion/infants/ethnic-wear/602
Inner & Nightwear,https://www.jiomart.com/c/fashion/infants/inner-nightwear/6488
Crafts of India,https://www.jiomart.com/c/fashion/crafts-of-india/32853
Footwear,https://www.jiomart.com/c/fashion/crafts-of-india/footwear/32854
Women,https://www.jiomart.com/c/fashion/crafts-of-india/women/32855
Industrial & Professional Supplies,https://www.jiomart.com/c/homeimprovement/8583
Auto Care,https://www.jiomart.com/c/homeimprovement/auto-care/8844
Car Electronics,https://www.jiomart.com/c/homeimprovement/auto-care/car-electronics/8850
Car & Bike Parts,https://www.jiomart.com/c/homeimprovement/auto-care/car-bike-parts/8847
Car & Bike Accessories,https://www.jiomart.com/c/homeimprovement/auto-care/car-bike-accessories/33180
Helmets & Riding Gear,https://www.jiomart.com/c/homeimprovement/auto-care/helmets-riding-gear/33181
Industrial Supplies,https://www.jiomart.com/c/homeimprovement/industrial-supplies/30773
Power & Hand Tools,https://www.jiomart.com/c/homeimprovement/industrial-supplies/power-hand-tools/30784
"Medical Equipment, Furniture & Supplies",https://www.jiomart.com/c/homeimprovement/industrial-supplies/medical-equipment-furniture-supplies/30793
Material Handling & Storage,https://www.jiomart.com/c/homeimprovement/industrial-supplies/material-handling-storage/30779
"Test, Measure & Inspect",https://www.jiomart.com/c/homeimprovement/industrial-supplies/test-measure-inspect/30933
Lab & Scientific Products,https://www.jiomart.com/c/homeimprovement/industrial-supplies/lab-scientific-products/30774
Mechanical Supplies,https://www.jiomart.com/c/homeimprovement/industrial-supplies/mechanical-supplies/30948
Retail Shop Display & Supplies,https://www.jiomart.com/c/homeimprovement/industrial-supplies/retail-shop-display-supplies/30802
Industrial Chemicals,https://www.jiomart.com/c/homeimprovement/industrial-supplies/industrial-chemicals/30914
Home Cleaning & Organisation,https://www.jiomart.com/c/homeimprovement/home-cleaning-organisation/9070
Cleaning Tools,https://www.jiomart.com/c/homeimprovement/home-cleaning-organisation/cleaning-tools/9071
Closet Organization Systems,https://www.jiomart.com/c/homeimprovement/home-cleaning-organisation/closet-organization-systems/9072
Key Holders,https://www.jiomart.com/c/homeimprovement/home-cleaning-organisation/key-holders/9162
Electrical & Electronic Components,https://www.jiomart.com/c/homeimprovement/electrical-electronic-components/30781
"Wires, Cables & Wall Plates",https://www.jiomart.com/c/homeimprovement/electrical-electronic-components/wires-cables-wall-plates/30782
Door Bells & Transformers,https://www.jiomart.com/c/homeimprovement/electrical-electronic-components/door-bells-transformers/30962
"Breakers, Load Centers & Fuses",https://www.jiomart.com/c/homeimprovement/electrical-electronic-components/breakers-load-centers-fuses/30907
Robotics & Electronic Components,https://www.jiomart.com/c/homeimprovement/electrical-electronic-components/robotics-electronic-components/30795
Building Supplies & Tools,https://www.jiomart.com/c/homeimprovement/building-supplies-tools/30757
Kitchen Fixtures,https://www.jiomart.com/c/homeimprovement/building-supplies-tools/kitchen-fixtures/30786
Bathroom Fixtures & Accessories,https://www.jiomart.com/c/homeimprovement/building-supplies-tools/bathroom-fixtures-accessories/30758
Water Filtration & Softeners,https://www.jiomart.com/c/homeimprovement/building-supplies-tools/water-filtration-softeners/30929
Tiles & Flooring,https://www.jiomart.com/c/homeimprovement/building-supplies-tools/tiles-flooring/30937
Gating & Railing,https://www.jiomart.com/c/homeimprovement/building-supplies-tools/gating-railing/30814
Hardware,https://www.jiomart.com/c/homeimprovement/building-supplies-tools/hardware/33207
Plumbing,https://www.jiomart.com/c/homeimprovement/building-supplies-tools/plumbing/33209
"Paint, Wall Paper & Supplies",https://www.jiomart.com/c/homeimprovement/building-supplies-tools/paint-wall-paper-supplies/33212
Carpentry,https://www.jiomart.com/c/homeimprovement/carpentry/9013
Furniture & Wood Treatment,https://www.jiomart.com/c/homeimprovement/carpentry/furniture-wood-treatment/9040
Doors & Windows,https://www.jiomart.com/c/homeimprovement/carpentry/doors-windows/30765
Carpentry Adhesives,https://www.jiomart.com/c/homeimprovement/carpentry/carpentry-adhesives/9036
Cabinet Hardware,https://www.jiomart.com/c/homeimprovement/carpentry/cabinet-hardware/9035
"Brackets, Nails, Planers & Blades",https://www.jiomart.com/c/homeimprovement/carpentry/brackets-nails-planers-blades/30909
"Security, Safety & Automation",https://www.jiomart.com/c/homeimprovement/security-safety-automation/30760
Home Safety & Automation,https://www.jiomart.com/c/homeimprovement/security-safety-automation/home-safety-automation/31997
Security & Safety Products,https://www.jiomart.com/c/homeimprovement/security-safety-automation/security-safety-products/30945
Personal Protective Equipment,https://www.jiomart.com/c/homeimprovement/security-safety-automation/personal-protective-equipment/30761
Electrical,https://www.jiomart.com/c/homeimprovement/electrical/9045
Mosquito Bat,https://www.jiomart.com/c/homeimprovement/electrical/mosquito-bat/9053
Building Supplies & Measuring Tools,https://www.jiomart.com/c/homeimprovement/building-supplies-measuring-tools/8924
Tiles,https://www.jiomart.com/c/homeimprovement/building-supplies-measuring-tools/tiles/9012
Hardware & Plumbing,https://www.jiomart.com/c/homeimprovement/hardware-plumbing/9058
Shelf Brackets,https://www.jiomart.com/c/homeimprovement/hardware-plumbing/shelf-brackets/9066
Nails & Screws,https://www.jiomart.com/c/homeimprovement/hardware-plumbing/nails-screws/9064
Precious Jewellery,https://www.jiomart.com/c/jewellery/1524
Fine Jewellery,https://www.jiomart.com/c/jewellery/fine-jewellery/1531
Silver Jewellery,https://www.jiomart.com/c/jewellery/fine-jewellery/silver-jewellery/1911
Gold Coins & Bars,https://www.jiomart.com/c/jewellery/fine-jewellery/gold-coins-bars/16458
Silver Coins & Bars,https://www.jiomart.com/c/jewellery/fine-jewellery/silver-coins-bars/16459
Gold Jewellery,https://www.jiomart.com/c/jewellery/fine-jewellery/gold-jewellery/16460
Silver Articles & Idols,https://www.jiomart.com/c/jewellery/fine-jewellery/silver-articles-idols/16461
Diamond Jewellery,https://www.jiomart.com/c/jewellery/fine-jewellery/diamond-jewellery/20216
Platinum Jewellery,https://www.jiomart.com/c/jewellery/fine-jewellery/platinum-jewellery/34371
Jewellery,https://www.jiomart.com/c/jewellery/jewellery/5308
Fine Jewellery,https://www.jiomart.com/c/jewellery/jewellery/fine-jewellery/5309
Wellness,https://www.jiomart.com/c/wellness/6
Personal Care,https://www.jiomart.com/c/wellness/personal-care/22841
Oral Care,https://www.jiomart.com/c/wellness/personal-care/oral-care/22842
Face Personal Care,https://www.jiomart.com/c/wellness/personal-care/face-personal-care/23499
Home & Health,https://www.jiomart.com/c/wellness/personal-care/home-health/23510
Bath & Shower,https://www.jiomart.com/c/wellness/personal-care/bath-shower/23512
Senior Care,https://www.jiomart.com/c/wellness/personal-care/senior-care/23518
Body Care,https://www.jiomart.com/c/wellness/personal-care/body-care/23523
Hands & Feet,https://www.jiomart.com/c/wellness/personal-care/hands-feet/23555
Lip Care,https://www.jiomart.com/c/wellness/personal-care/lip-care/23607
Personal Care Tools & Accessories,https://www.jiomart.com/c/wellness/personal-care/personal-care-tools-accessories/23658
Fitness,https://www.jiomart.com/c/wellness/fitness/23454
Health Food And Drinks,https://www.jiomart.com/c/wellness/fitness/health-food-and-drinks/23456
Family Nutrition,https://www.jiomart.com/c/wellness/fitness/family-nutrition/23463
Ayurvedic Supplements,https://www.jiomart.com/c/wellness/fitness/ayurvedic-supplements/23470
Vitamins And Supplements,https://www.jiomart.com/c/wellness/fitness/vitamins-and-supplements/23474
Sports Supplements,https://www.jiomart.com/c/wellness/fitness/sports-supplements/23487
Weight Management,https://www.jiomart.com/c/wellness/fitness/weight-management/23525
Skin Care,https://www.jiomart.com/c/wellness/skin-care/23455
Masks,https://www.jiomart.com/c/wellness/skin-care/masks/23457
Toners & Serums,https://www.jiomart.com/c/wellness/skin-care/toners-serums/23494
Face Skin Care,https://www.jiomart.com/c/wellness/skin-care/face-skin-care/23504
Aromatherapy,https://www.jiomart.com/c/wellness/skin-care/aromatherapy/23545
Moisturizers,https://www.jiomart.com/c/wellness/skin-care/moisturizers/23551
Sunscreen,https://www.jiomart.com/c/wellness/skin-care/sunscreen/23584
Eye Care,https://www.jiomart.com/c/wellness/skin-care/eye-care/23594
Cleansers,https://www.jiomart.com/c/wellness/skin-care/cleansers/23660
Ayush,https://www.jiomart.com/c/wellness/ayush/23460
Ayurvedic,https://www.jiomart.com/c/wellness/ayush/ayurvedic/23461
Unani,https://www.jiomart.com/c/wellness/ayush/unani/24596
Siddha,https://www.jiomart.com/c/wellness/ayush/siddha/24960
Mom & Baby,https://www.jiomart.com/c/wellness/mom-baby/23467
Baby Care,https://www.jiomart.com/c/wellness/mom-baby/baby-care/23468
Maternity Care,https://www.jiomart.com/c/wellness/mom-baby/maternity-care/23514
Baby Bath Time,https://www.jiomart.com/c/wellness/mom-baby/baby-bath-time/23535
Feminine Hygiene,https://www.jiomart.com/c/wellness/mom-baby/feminine-hygiene/23558
Hair,https://www.jiomart.com/c/wellness/hair/23476
Hair Care,https://www.jiomart.com/c/wellness/hair/hair-care/23477
Hair Color,https://www.jiomart.com/c/wellness/hair/hair-color/23586
Scalp Treatments,https://www.jiomart.com/c/wellness/hair/scalp-treatments/23631
Hair Tools & Accessories,https://www.jiomart.com/c/wellness/hair/hair-tools-accessories/23900
Wellness,https://www.jiomart.com/c/wellness/wellness/23484
Health - Supplements,https://www.jiomart.com/c/wellness/wellness/health-supplements/23485
Fragrances,https://www.jiomart.com/c/wellness/fragrances/23493
Women,https://www.jiomart.com/c/wellness/fragrances/women/23495
Unisex,https://www.jiomart.com/c/wellness/fragrances/unisex/23508
Men,https://www.jiomart.com/c/wellness/fragrances/men/23520
Covid Essentials,https://www.jiomart.com/c/wellness/covid-essentials/23516
Personal & Home Essentials,https://www.jiomart.com/c/wellness/covid-essentials/personal-home-essentials/23620
Business Essentials,https://www.jiomart.com/c/wellness/covid-essentials/business-essentials/23625
Men's Grooming,https://www.jiomart.com/c/wellness/men-s-grooming/23567
Shaving,https://www.jiomart.com/c/wellness/men-s-grooming/shaving/23568
Beard Care,https://www.jiomart.com/c/wellness/men-s-grooming/beard-care/25006
Make-Up,https://www.jiomart.com/c/wellness/make-up/23577
Eyes,https://www.jiomart.com/c/wellness/make-up/eyes/23578
Lips,https://www.jiomart.com/c/wellness/make-up/lips/25009
Make-Up Tools & Brushes,https://www.jiomart.com/c/wellness/make-up/make-up-tools-brushes/25015
Treatments,https://www.jiomart.com/c/wellness/treatments/23581
Pain Relief Application,https://www.jiomart.com/c/wellness/treatments/pain-relief-application/23905
Stomach Discomfort,https://www.jiomart.com/c/wellness/treatments/stomach-discomfort/28010
Tools & Appliances,https://www.jiomart.com/c/wellness/tools-appliances/23640
Massage Tools,https://www.jiomart.com/c/wellness/tools-appliances/massage-tools/23641
Face/Skin Tools,https://www.jiomart.com/c/wellness/tools-appliances/face-skin-tools/24923
Hair Styling Tools,https://www.jiomart.com/c/wellness/tools-appliances/hair-styling-tools/24995
Premium Fruits,https://www.jiomart.com/c/premiumfruits/6047
Books,https://www.jiomart.com/c/groceries/books/2831
Furniture,https://www.jiomart.com/c/furniture/12884
