name,price,mrp,discount,weight,image,product_html_snippet
Handpicked,,,,"Handpicked
4% OFF","https://instamart-media-assets.swiggy.com/swiggy/image/upload/fl_lossy,f_auto,q_auto,h_544,w_504/NI_CATALOG/IMAGES/CIW/2025/10/10/5df9df37-179a-4d00-92d6-eb22eae51fd0_22385_1.png","<div data-testid=""item-collection-card-full""><div class=""Qp6z9 _2GcSU"" aria-hidden=""true""><div class=""_1r-gK""><div class=""_2fz9L _39H2t"" role=""button"" aria-label=""Add item to cart"" data-testid=""buttonpair-add""><svg aria-hidden=""true"" height=""20"" width=""20"" class=""sc-aXZVg cUeNKf""><use xlink:href=""/core/sprite-Dn8Dml4h.svg#addFilled20""></use></svg></div></div><img src=""https://instamart-media-assets.swiggy.com/swiggy/image/upload/fl_lossy,f_auto,q_auto,h_544,w_504/NI_CATALOG/IMAGES/CIW/2025/10/10/5df9df37-179a-4d00-92d6-eb22eae51fd0_22385_1.png"" fit=""contain"" class=""_16I1D"" alt=""The Health Factory Multigrain Bread (Zero Maida)"" loading=""lazy"" style=""width: 100%; height: 100%; object-fit: contain; background: rgb(255, 255, 255);""><div class=""_1QzFm _2DieI"" data-testid=""item-badge-container"" style=""background: rgba(158, 30, 98, 0.9);""><div aria-hidden=""true"" class=""sc-gEvEer czPfDc _1wQQE"">Handpicked</div><div class=""_3j3yl _3fp3X"" data-testid=""BADGE_ICON""><img src=""https://instamart-media-assets.swiggy.com/swiggy/image/upload/fl_lossy,f_auto,q_auto,h_48,w_48/native-instamart-assets/hp/Handpicked_16x16_White_Filled@5x.png"" loading=""lazy"" style=""width: 100%; height: 100%; object-fit: cover; background: transparent;""></div></div><div class=""_3_hgi _3U-ho"" style=""background-image: url(&quot;https://instamart-media-assets.swiggy.com/swiggy/image/upload/fl_lossy,f_auto,q_auto,w_64,h_108/InstamartAssets/Bleed%20Blue/Offer%20Tag.png&quot;);""><div data-testid=""item-offer-label-discount-text"" class=""sc-gEvEer bsYAwc"">4% OFF</div></div></div><div class=""_2zIRo _3CyJz"" aria-label=""Delivery in 4 MINS""><div class=""sc-gEvEer ePxHTM GOJ8s _1y_Uf"" aria-hidden=""true"">4 MINS</div></div><div class=""sc-gEvEer bvSpbA _1lbNR"">The Health Factory Multigrain Bread (Zero Maida)</div><div class=""sc-gEvEer diZRny _3bM-V"" aria-hidden=""true"">Healthy multigrain bread made without maida</div></div>"
Ad,,,,Ad,"https://instamart-media-assets.swiggy.com/swiggy/image/upload/fl_lossy,f_auto,q_auto,h_544,w_504/NI_CATALOG/IMAGES/ciw/2025/8/1/6e7f473e-22e2-46bd-a764-f3086af113fe_NPI-015160_1_20250801_142107.png","<div data-testid=""item-collection-card-full""><div class=""Qp6z9 _2GcSU"" aria-hidden=""true""><div class=""_1r-gK""><div class=""_2fz9L _39H2t"" role=""button"" aria-label=""Add item to cart"" data-testid=""buttonpair-add""><svg aria-hidden=""true"" height=""20"" width=""20"" class=""sc-aXZVg cUeNKf""><use xlink:href=""/core/sprite-Dn8Dml4h.svg#addFilled20""></use></svg></div></div><img src=""https://instamart-media-assets.swiggy.com/swiggy/image/upload/fl_lossy,f_auto,q_auto,h_544,w_504/NI_CATALOG/IMAGES/ciw/2025/8/1/6e7f473e-22e2-46bd-a764-f3086af113fe_NPI-015160_1_20250801_142107.png"" fit=""contain"" class=""_16I1D"" alt=""Protein Chef High Protein Whole Wheat Bread (Zero Maida, Brown Bread)"" loading=""lazy"" style=""width: 100%; height: 100%; object-fit: contain; background: rgb(255, 255, 255);""><div class=""_1-Flp"" data-testid=""list-wrapper""><div class=""sc-gEvEer bfIBrr _35ZCT _1uGqi"" aria-hidden=""true"" data-testid=""badge-wrapper"">Ad</div></div></div><div class=""_2zIRo _3CyJz"" aria-label=""Delivery in 4 MINS""><div class=""sc-gEvEer ePxHTM GOJ8s _1y_Uf"" aria-hidden=""true"">4 MINS</div></div><div class=""sc-gEvEer bvSpbA _1lbNR"">Protein Chef High Protein Whole Wheat Bread (Zero Maida, Brown Bread)</div></div>"
4 MINS,,,,,"https://instamart-media-assets.swiggy.com/swiggy/image/upload/fl_lossy,f_auto,q_auto,h_544,w_504/NI_CATALOG/IMAGES/CIW/2025/10/28/ab00d649-cff2-4b18-8425-4c4bc14b0956_752_1.png","<div data-testid=""item-collection-card-full""><div class=""Qp6z9 _2GcSU"" aria-hidden=""true""><div class=""_1r-gK""><div class=""_2fz9L _39H2t"" role=""button"" aria-label=""Add item to cart"" data-testid=""buttonpair-add""><svg aria-hidden=""true"" height=""20"" width=""20"" class=""sc-aXZVg cUeNKf""><use xlink:href=""/core/sprite-Dn8Dml4h.svg#addFilled20""></use></svg></div></div><img src=""https://instamart-media-assets.swiggy.com/swiggy/image/upload/fl_lossy,f_auto,q_auto,h_544,w_504/NI_CATALOG/IMAGES/CIW/2025/10/28/ab00d649-cff2-4b18-8425-4c4bc14b0956_752_1.png"" fit=""contain"" class=""_16I1D"" alt=""Britannia Milk White Bread"" loading=""lazy"" style=""width: 100%; height: 100%; object-fit: contain; background: rgb(255, 255, 255);""></div><div class=""_2zIRo _3CyJz"" aria-label=""Delivery in 4 MINS""><div class=""sc-gEvEer ePxHTM GOJ8s _1y_Uf"" aria-hidden=""true"">4 MINS</div></div><div class=""sc-gEvEer bvSpbA _1lbNR"">Britannia Milk White Bread</div><div class=""sc-gEvEer diZRny _3bM-V"" aria-hidden=""true"">White bread made with milk</div></div>"
3% OFF,,,,3% OFF,"https://instamart-media-assets.swiggy.com/swiggy/image/upload/fl_lossy,f_auto,q_auto,h_544,w_504/NI_CATALOG/IMAGES/CIW/2025/10/10/5d7619d1-afa8-4be5-b7d1-273cf6aef32e_93344_1.png","<div data-testid=""item-collection-card-full""><div class=""Qp6z9 _2GcSU"" aria-hidden=""true""><div class=""_1r-gK""><div class=""_2fz9L _39H2t"" role=""button"" aria-label=""Add item to cart"" data-testid=""buttonpair-add""><svg aria-hidden=""true"" height=""20"" width=""20"" class=""sc-aXZVg cUeNKf""><use xlink:href=""/core/sprite-Dn8Dml4h.svg#addFilled20""></use></svg></div></div><img src=""https://instamart-media-assets.swiggy.com/swiggy/image/upload/fl_lossy,f_auto,q_auto,h_544,w_504/NI_CATALOG/IMAGES/CIW/2025/10/10/5d7619d1-afa8-4be5-b7d1-273cf6aef32e_93344_1.png"" fit=""contain"" class=""_16I1D"" alt=""The Health Factory 100% Whole Wheat Bread (Zero Maida)"" loading=""lazy"" style=""width: 100%; height: 100%; object-fit: contain; background: rgb(255, 255, 255);""><div class=""_3_hgi _3U-ho"" style=""background-image: url(&quot;https://instamart-media-assets.swiggy.com/swiggy/image/upload/fl_lossy,f_auto,q_auto,w_64,h_108/InstamartAssets/Bleed%20Blue/Offer%20Tag.png&quot;);""><div data-testid=""item-offer-label-discount-text"" class=""sc-gEvEer bsYAwc"">3% OFF</div></div></div><div class=""_2zIRo _3CyJz"" aria-label=""Delivery in 4 MINS""><div class=""sc-gEvEer ePxHTM GOJ8s _1y_Uf"" aria-hidden=""true"">4 MINS</div></div><div class=""sc-gEvEer bvSpbA _1lbNR"">The Health Factory 100% Whole Wheat Bread (Zero Maida)</div><div class=""sc-gEvEer diZRny _3bM-V"" aria-hidden=""true"">High Fibre | No Preservatives | No Colours | No Palm Oil</div></div>"
Ad,,,,Ad,"https://instamart-media-assets.swiggy.com/swiggy/image/upload/fl_lossy,f_auto,q_auto,h_544,w_504/NI_CATALOG/IMAGES/ciw/2025/8/4/6b557bbb-d660-4fe7-9ef9-d862abba48b5_NPI-015161_1_20250804_122342.png","<div data-testid=""item-collection-card-full""><div class=""Qp6z9 _2GcSU"" aria-hidden=""true""><div class=""_1r-gK""><div class=""_2fz9L _39H2t"" role=""button"" aria-label=""Add item to cart"" data-testid=""buttonpair-add""><svg aria-hidden=""true"" height=""20"" width=""20"" class=""sc-aXZVg cUeNKf""><use xlink:href=""/core/sprite-Dn8Dml4h.svg#addFilled20""></use></svg></div></div><img src=""https://instamart-media-assets.swiggy.com/swiggy/image/upload/fl_lossy,f_auto,q_auto,h_544,w_504/NI_CATALOG/IMAGES/ciw/2025/8/4/6b557bbb-d660-4fe7-9ef9-d862abba48b5_NPI-015161_1_20250804_122342.png"" fit=""contain"" class=""_16I1D"" alt=""Protein Chef High Protein Pav Bun (Zero Maida, Multigrain)"" loading=""lazy"" style=""width: 100%; height: 100%; object-fit: contain; background: rgb(255, 255, 255);""><div class=""_1-Flp"" data-testid=""list-wrapper""><div class=""sc-gEvEer bfIBrr _35ZCT _1uGqi"" aria-hidden=""true"" data-testid=""badge-wrapper"">Ad</div></div></div><div class=""_2zIRo _3CyJz"" aria-label=""Delivery in 4 MINS""><div class=""sc-gEvEer ePxHTM GOJ8s _1y_Uf"" aria-hidden=""true"">4 MINS</div></div><div class=""sc-gEvEer bvSpbA _1lbNR"">Protein Chef High Protein Pav Bun (Zero Maida, Multigrain)</div></div>"
Handpicked,,,,"Handpicked
11% OFF","https://instamart-media-assets.swiggy.com/swiggy/image/upload/fl_lossy,f_auto,q_auto,h_544,w_504/NI_CATALOG/IMAGES/CIW/2024/7/15/7c9ce1c3-892b-41d0-be64-d9b361443295_breadandgourmetbread_74FYN2WUXO_MN.jpg","<div data-testid=""item-collection-card-full""><div class=""Qp6z9 _2GcSU"" aria-hidden=""true""><div class=""_1r-gK""><div class=""_2fz9L _39H2t"" role=""button"" aria-label=""Add item to cart"" data-testid=""buttonpair-add""><svg aria-hidden=""true"" height=""20"" width=""20"" class=""sc-aXZVg cUeNKf""><use xlink:href=""/core/sprite-Dn8Dml4h.svg#addFilled20""></use></svg></div></div><img src=""https://instamart-media-assets.swiggy.com/swiggy/image/upload/fl_lossy,f_auto,q_auto,h_544,w_504/NI_CATALOG/IMAGES/CIW/2024/7/15/7c9ce1c3-892b-41d0-be64-d9b361443295_breadandgourmetbread_74FYN2WUXO_MN.jpg"" fit=""contain"" class=""_16I1D"" alt=""Lakeview Milkbar Cheese Garlic Bread"" loading=""lazy"" style=""width: 100%; height: 100%; object-fit: contain; background: rgb(255, 255, 255);""><div class=""_1QzFm _2DieI"" data-testid=""item-badge-container"" style=""background: rgba(158, 30, 98, 0.9);""><div aria-hidden=""true"" class=""sc-gEvEer czPfDc _1wQQE"">Handpicked</div><div class=""_3j3yl _3fp3X"" data-testid=""BADGE_ICON""><img src=""https://instamart-media-assets.swiggy.com/swiggy/image/upload/fl_lossy,f_auto,q_auto,h_48,w_48/native-instamart-assets/hp/Handpicked_16x16_White_Filled@5x.png"" loading=""lazy"" style=""width: 100%; height: 100%; object-fit: cover; background: transparent;""></div></div><div class=""_3_hgi _3U-ho"" style=""background-image: url(&quot;https://instamart-media-assets.swiggy.com/swiggy/image/upload/fl_lossy,f_auto,q_auto,w_64,h_108/InstamartAssets/Bleed%20Blue/Offer%20Tag.png&quot;);""><div data-testid=""item-offer-label-discount-text"" class=""sc-gEvEer bsYAwc"">11% OFF</div></div></div><div class=""_2zIRo _3CyJz"" aria-label=""Delivery in 4 MINS""><div class=""sc-gEvEer ePxHTM GOJ8s _1y_Uf"" aria-hidden=""true"">4 MINS</div></div><div class=""sc-gEvEer bvSpbA _1lbNR"">Lakeview Milkbar Cheese Garlic Bread</div><div class=""sc-gEvEer diZRny _3bM-V"" aria-hidden=""true"">Cheesy, garlicky goodness in every slice</div></div>"
18% OFF,,,,18% OFF,"https://instamart-media-assets.swiggy.com/swiggy/image/upload/fl_lossy,f_auto,q_auto,h_544,w_504/NI_CATALOG/IMAGES/CIW/2025/7/18/9129aee6-2c4e-4d42-b127-9bb9acfb28b5_1.Composite.jpg","<div data-testid=""item-collection-card-full""><div class=""Qp6z9 _2GcSU"" aria-hidden=""true""><div class=""_1r-gK""><div class=""_2fz9L _39H2t"" role=""button"" aria-label=""Add item to cart"" data-testid=""buttonpair-add""><svg aria-hidden=""true"" height=""20"" width=""20"" class=""sc-aXZVg cUeNKf""><use xlink:href=""/core/sprite-Dn8Dml4h.svg#addFilled20""></use></svg></div></div><img src=""https://instamart-media-assets.swiggy.com/swiggy/image/upload/fl_lossy,f_auto,q_auto,h_544,w_504/NI_CATALOG/IMAGES/CIW/2025/7/18/9129aee6-2c4e-4d42-b127-9bb9acfb28b5_1.Composite.jpg"" fit=""contain"" class=""_16I1D"" alt=""The Baker's Dozen Zero Maida Milk Bread"" loading=""lazy"" style=""width: 100%; height: 100%; object-fit: contain; background: rgb(255, 255, 255);""><div class=""_3_hgi _3U-ho"" style=""background-image: url(&quot;https://instamart-media-assets.swiggy.com/swiggy/image/upload/fl_lossy,f_auto,q_auto,w_64,h_108/InstamartAssets/Bleed%20Blue/Offer%20Tag.png&quot;);""><div data-testid=""item-offer-label-discount-text"" class=""sc-gEvEer bsYAwc"">18% OFF</div></div></div><div class=""_2zIRo _3CyJz"" aria-label=""Delivery in 4 MINS""><div class=""sc-gEvEer ePxHTM GOJ8s _1y_Uf"" aria-hidden=""true"">4 MINS</div></div><div class=""sc-gEvEer bvSpbA _1lbNR"">The Baker's Dozen Zero Maida Milk Bread</div></div>"
4 MINS,,,,,"https://instamart-media-assets.swiggy.com/swiggy/image/upload/fl_lossy,f_auto,q_auto,h_544,w_504/NI_CATALOG/IMAGES/CIW/2024/10/26/dfb35d29-a41e-4196-bdc3-7f7b6d84b347_708_1.png","<div data-testid=""item-collection-card-full""><div class=""Qp6z9 _2GcSU"" aria-hidden=""true""><div class=""_1r-gK""><div class=""_2fz9L _39H2t"" role=""button"" aria-label=""Add item to cart"" data-testid=""buttonpair-add""><svg aria-hidden=""true"" height=""20"" width=""20"" class=""sc-aXZVg cUeNKf""><use xlink:href=""/core/sprite-Dn8Dml4h.svg#addFilled20""></use></svg></div></div><img src=""https://instamart-media-assets.swiggy.com/swiggy/image/upload/fl_lossy,f_auto,q_auto,h_544,w_504/NI_CATALOG/IMAGES/CIW/2024/10/26/dfb35d29-a41e-4196-bdc3-7f7b6d84b347_708_1.png"" fit=""contain"" class=""_16I1D"" alt=""Modern Supreme Sandwich Bread"" loading=""lazy"" style=""width: 100%; height: 100%; object-fit: contain; background: rgb(255, 255, 255);""></div><div class=""_2zIRo _3CyJz"" aria-label=""Delivery in 4 MINS""><div class=""sc-gEvEer ePxHTM GOJ8s _1y_Uf"" aria-hidden=""true"">4 MINS</div></div><div class=""sc-gEvEer bvSpbA _1lbNR"">Modern Supreme Sandwich Bread</div><div class=""sc-gEvEer diZRny _3bM-V"" aria-hidden=""true"">Classic sandwich bread from Modern</div></div>"
Handpicked,,,,Handpicked,"https://instamart-media-assets.swiggy.com/swiggy/image/upload/fl_lossy,f_auto,q_auto,h_544,w_504/NI_CATALOG/IMAGES/CIW/2024/3/28/0cdf78e4-5a37-4b6b-979e-0136da472be6_breadandgourmetbread_UD41624Y4I_AL4.png","<div data-testid=""item-collection-card-full""><div class=""Qp6z9 _2GcSU"" aria-hidden=""true""><div class=""_1r-gK""><div class=""_2fz9L _39H2t"" role=""button"" aria-label=""Add item to cart"" data-testid=""buttonpair-add""><svg aria-hidden=""true"" height=""20"" width=""20"" class=""sc-aXZVg cUeNKf""><use xlink:href=""/core/sprite-Dn8Dml4h.svg#addFilled20""></use></svg></div></div><img src=""https://instamart-media-assets.swiggy.com/swiggy/image/upload/fl_lossy,f_auto,q_auto,h_544,w_504/NI_CATALOG/IMAGES/CIW/2024/3/28/0cdf78e4-5a37-4b6b-979e-0136da472be6_breadandgourmetbread_UD41624Y4I_AL4.png"" fit=""contain"" class=""_16I1D"" alt=""Iyengar's Bakery Milk Bread (Freshly Baked)"" loading=""lazy"" style=""width: 100%; height: 100%; object-fit: contain; background: rgb(255, 255, 255);""><div class=""_1QzFm _2DieI"" data-testid=""item-badge-container"" style=""background: rgba(158, 30, 98, 0.9);""><div aria-hidden=""true"" class=""sc-gEvEer czPfDc _1wQQE"">Handpicked</div><div class=""_3j3yl _3fp3X"" data-testid=""BADGE_ICON""><img src=""https://instamart-media-assets.swiggy.com/swiggy/image/upload/fl_lossy,f_auto,q_auto,h_48,w_48/native-instamart-assets/hp/Handpicked_16x16_White_Filled@5x.png"" loading=""lazy"" style=""width: 100%; height: 100%; object-fit: cover; background: transparent;""></div></div></div><div class=""_2zIRo _3CyJz"" aria-label=""Delivery in 4 MINS""><div class=""sc-gEvEer ePxHTM GOJ8s _1y_Uf"" aria-hidden=""true"">4 MINS</div></div><div class=""sc-gEvEer bvSpbA _1lbNR"">Iyengar's Bakery Milk Bread (Freshly Baked)</div><div class=""sc-gEvEer diZRny _3bM-V"" aria-hidden=""true"">Original Iyengar's Bakery best seller</div></div>"
10% OFF,,,,10% OFF,"https://instamart-media-assets.swiggy.com/swiggy/image/upload/fl_lossy,f_auto,q_auto,h_544,w_504/NI_CATALOG/IMAGES/CIW/2025/3/27/7a4f06ea-3f27-4510-a63c-5339a24a6f8b_706_1.png","<div data-testid=""item-collection-card-full""><div class=""Qp6z9 _2GcSU"" aria-hidden=""true""><div class=""_1r-gK""><div class=""_2fz9L _39H2t"" role=""button"" aria-label=""Add item to cart"" data-testid=""buttonpair-add""><svg aria-hidden=""true"" height=""20"" width=""20"" class=""sc-aXZVg cUeNKf""><use xlink:href=""/core/sprite-Dn8Dml4h.svg#addFilled20""></use></svg></div></div><img src=""https://instamart-media-assets.swiggy.com/swiggy/image/upload/fl_lossy,f_auto,q_auto,h_544,w_504/NI_CATALOG/IMAGES/CIW/2025/3/27/7a4f06ea-3f27-4510-a63c-5339a24a6f8b_706_1.png"" fit=""contain"" class=""_16I1D"" alt=""Modern Multigrain Bread- 13 Grains &amp; Seeds (Zero Maida)"" loading=""lazy"" style=""width: 100%; height: 100%; object-fit: contain; background: rgb(255, 255, 255);""><div class=""_3_hgi _3U-ho"" style=""background-image: url(&quot;https://instamart-media-assets.swiggy.com/swiggy/image/upload/fl_lossy,f_auto,q_auto,w_64,h_108/InstamartAssets/Bleed%20Blue/Offer%20Tag.png&quot;);""><div data-testid=""item-offer-label-discount-text"" class=""sc-gEvEer bsYAwc"">10% OFF</div></div></div><div class=""_2zIRo _3CyJz"" aria-label=""Delivery in 4 MINS""><div class=""sc-gEvEer ePxHTM GOJ8s _1y_Uf"" aria-hidden=""true"">4 MINS</div></div><div class=""sc-gEvEer bvSpbA _1lbNR"">Modern Multigrain Bread- 13 Grains &amp; Seeds (Zero Maida)</div><div class=""sc-gEvEer diZRny _3bM-V"" aria-hidden=""true"">Zero maida multigrain bread with 13 grains &amp; seeds</div></div>"
Handpicked,,,,"Handpicked
36% OFF","https://instamart-media-assets.swiggy.com/swiggy/image/upload/fl_lossy,f_auto,q_auto,h_544,w_504/NI_CATALOG/IMAGES/CIW/2025/5/26/56650c6d-d214-4572-98c8-6f4b03434877_180123.png","<div data-testid=""item-collection-card-full""><div class=""Qp6z9 _2GcSU"" aria-hidden=""true""><div class=""_1r-gK""><div class=""_2fz9L _39H2t"" role=""button"" aria-label=""Add item to cart"" data-testid=""buttonpair-add""><svg aria-hidden=""true"" height=""20"" width=""20"" class=""sc-aXZVg cUeNKf""><use xlink:href=""/core/sprite-Dn8Dml4h.svg#addFilled20""></use></svg></div></div><img src=""https://instamart-media-assets.swiggy.com/swiggy/image/upload/fl_lossy,f_auto,q_auto,h_544,w_504/NI_CATALOG/IMAGES/CIW/2025/5/26/56650c6d-d214-4572-98c8-6f4b03434877_180123.png"" fit=""contain"" class=""_16I1D"" alt=""NOICE Buttery Milk Bread (Freshly made)"" loading=""lazy"" style=""width: 100%; height: 100%; object-fit: contain; background: rgb(255, 255, 255);""><div class=""_1QzFm _2DieI"" data-testid=""item-badge-container"" style=""background: rgba(158, 30, 98, 0.9);""><div aria-hidden=""true"" class=""sc-gEvEer czPfDc _1wQQE"">Handpicked</div><div class=""_3j3yl _3fp3X"" data-testid=""BADGE_ICON""><img src=""https://instamart-media-assets.swiggy.com/swiggy/image/upload/fl_lossy,f_auto,q_auto,h_48,w_48/native-instamart-assets/hp/Handpicked_16x16_White_Filled@5x.png"" loading=""lazy"" style=""width: 100%; height: 100%; object-fit: cover; background: transparent;""></div></div><div class=""_3_hgi _3U-ho"" style=""background-image: url(&quot;https://instamart-media-assets.swiggy.com/swiggy/image/upload/fl_lossy,f_auto,q_auto,w_64,h_108/InstamartAssets/Bleed%20Blue/Offer%20Tag.png&quot;);""><div data-testid=""item-offer-label-discount-text"" class=""sc-gEvEer bsYAwc"">36% OFF</div></div></div><div class=""_2zIRo _3CyJz"" aria-label=""Delivery in 4 MINS""><div class=""sc-gEvEer ePxHTM GOJ8s _1y_Uf"" aria-hidden=""true"">4 MINS</div></div><div class=""sc-gEvEer bvSpbA _1lbNR"">NOICE Buttery Milk Bread (Freshly made)</div><div class=""sc-gEvEer diZRny _3bM-V"" aria-hidden=""true"">Rich milk, butter &amp; no palm oil!</div></div>"
4 MINS,,,,,"https://instamart-media-assets.swiggy.com/swiggy/image/upload/fl_lossy,f_auto,q_auto,h_544,w_504/NI_CATALOG/IMAGES/CIW/2024/11/7/f9d1fc96-0a1a-41ba-bd17-b03adbcc8c83_777_1.png","<div data-testid=""item-collection-card-full""><div class=""Qp6z9 _2GcSU"" aria-hidden=""true""><div class=""_1r-gK""><div class=""_2fz9L _39H2t"" role=""button"" aria-label=""Add item to cart"" data-testid=""buttonpair-add""><svg aria-hidden=""true"" height=""20"" width=""20"" class=""sc-aXZVg cUeNKf""><use xlink:href=""/core/sprite-Dn8Dml4h.svg#addFilled20""></use></svg></div></div><img src=""https://instamart-media-assets.swiggy.com/swiggy/image/upload/fl_lossy,f_auto,q_auto,h_544,w_504/NI_CATALOG/IMAGES/CIW/2024/11/7/f9d1fc96-0a1a-41ba-bd17-b03adbcc8c83_777_1.png"" fit=""contain"" class=""_16I1D"" alt=""Modern 100% Whole Wheat Bread (Zero Maida, No trans fat)"" loading=""lazy"" style=""width: 100%; height: 100%; object-fit: contain; background: rgb(255, 255, 255);""></div><div class=""_2zIRo _3CyJz"" aria-label=""Delivery in 4 MINS""><div class=""sc-gEvEer ePxHTM GOJ8s _1y_Uf"" aria-hidden=""true"">4 MINS</div></div><div class=""sc-gEvEer bvSpbA _1lbNR"">Modern 100% Whole Wheat Bread (Zero Maida, No trans fat)</div><div class=""sc-gEvEer diZRny _3bM-V"" aria-hidden=""true"">Whole wheat bread with no maida or trans fat</div></div>"
14% OFF,,,,14% OFF,"https://instamart-media-assets.swiggy.com/swiggy/image/upload/fl_lossy,f_auto,q_auto,h_544,w_504/NI_CATALOG/IMAGES/CIW/2025/7/2/e9ea643a-6f3f-4b2a-96fa-aa83fef81e55_790199_1.png","<div data-testid=""item-collection-card-full""><div class=""Qp6z9 _2GcSU"" aria-hidden=""true""><div class=""_1r-gK""><div class=""_2fz9L _39H2t"" role=""button"" aria-label=""Add item to cart"" data-testid=""buttonpair-add""><svg aria-hidden=""true"" height=""20"" width=""20"" class=""sc-aXZVg cUeNKf""><use xlink:href=""/core/sprite-Dn8Dml4h.svg#addFilled20""></use></svg></div></div><img src=""https://instamart-media-assets.swiggy.com/swiggy/image/upload/fl_lossy,f_auto,q_auto,h_544,w_504/NI_CATALOG/IMAGES/CIW/2025/7/2/e9ea643a-6f3f-4b2a-96fa-aa83fef81e55_790199_1.png"" fit=""contain"" class=""_16I1D"" alt=""Baker's Loaf- Zero Preservatives Whole Wheat Bread"" loading=""lazy"" style=""width: 100%; height: 100%; object-fit: contain; background: rgb(255, 255, 255);""><div class=""_3_hgi _3U-ho"" style=""background-image: url(&quot;https://instamart-media-assets.swiggy.com/swiggy/image/upload/fl_lossy,f_auto,q_auto,w_64,h_108/InstamartAssets/Bleed%20Blue/Offer%20Tag.png&quot;);""><div data-testid=""item-offer-label-discount-text"" class=""sc-gEvEer bsYAwc"">14% OFF</div></div></div><div class=""_2zIRo _3CyJz"" aria-label=""Delivery in 4 MINS""><div class=""sc-gEvEer ePxHTM GOJ8s _1y_Uf"" aria-hidden=""true"">4 MINS</div></div><div class=""sc-gEvEer bvSpbA _1lbNR"">Baker's Loaf- Zero Preservatives Whole Wheat Bread</div></div>"
5% OFF,,,,5% OFF,"https://instamart-media-assets.swiggy.com/swiggy/image/upload/fl_lossy,f_auto,q_auto,h_544,w_504/NI_CATALOG/IMAGES/CIW/2025/10/10/2e94bd24-2bcc-4a04-bec2-79b60b160aac_52140_1.png","<div data-testid=""item-collection-card-full""><div class=""Qp6z9 _2GcSU"" aria-hidden=""true""><div class=""_1r-gK""><div class=""_2fz9L _39H2t"" role=""button"" aria-label=""Add item to cart"" data-testid=""buttonpair-add""><svg aria-hidden=""true"" height=""20"" width=""20"" class=""sc-aXZVg cUeNKf""><use xlink:href=""/core/sprite-Dn8Dml4h.svg#addFilled20""></use></svg></div></div><img src=""https://instamart-media-assets.swiggy.com/swiggy/image/upload/fl_lossy,f_auto,q_auto,h_544,w_504/NI_CATALOG/IMAGES/CIW/2025/10/10/2e94bd24-2bcc-4a04-bec2-79b60b160aac_52140_1.png"" fit=""contain"" class=""_16I1D"" alt=""The Health Factory Zero Maida Milk Bread"" loading=""lazy"" style=""width: 100%; height: 100%; object-fit: contain; background: rgb(255, 255, 255);""><div class=""_3_hgi _3U-ho"" style=""background-image: url(&quot;https://instamart-media-assets.swiggy.com/swiggy/image/upload/fl_lossy,f_auto,q_auto,w_64,h_108/InstamartAssets/Bleed%20Blue/Offer%20Tag.png&quot;);""><div data-testid=""item-offer-label-discount-text"" class=""sc-gEvEer bsYAwc"">5% OFF</div></div></div><div class=""_2zIRo _3CyJz"" aria-label=""Delivery in 4 MINS""><div class=""sc-gEvEer ePxHTM GOJ8s _1y_Uf"" aria-hidden=""true"">4 MINS</div></div><div class=""sc-gEvEer bvSpbA _1lbNR"">The Health Factory Zero Maida Milk Bread</div><div class=""sc-gEvEer diZRny _3bM-V"" aria-hidden=""true"">Calcium &amp; Fibre Rich | No Preservatives | No Colours</div></div>"
4 MINS,,,,,"https://instamart-media-assets.swiggy.com/swiggy/image/upload/fl_lossy,f_auto,q_auto,h_544,w_504/NI_CATALOG/IMAGES/CIW/2024/10/26/0e7a5e4b-09d3-452c-b418-7317d4289247_776_1.png","<div data-testid=""item-collection-card-full""><div class=""Qp6z9 _2GcSU"" aria-hidden=""true""><div class=""_1r-gK""><div class=""_2fz9L _39H2t"" role=""button"" aria-label=""Add item to cart"" data-testid=""buttonpair-add""><svg aria-hidden=""true"" height=""20"" width=""20"" class=""sc-aXZVg cUeNKf""><use xlink:href=""/core/sprite-Dn8Dml4h.svg#addFilled20""></use></svg></div></div><img src=""https://instamart-media-assets.swiggy.com/swiggy/image/upload/fl_lossy,f_auto,q_auto,h_544,w_504/NI_CATALOG/IMAGES/CIW/2024/10/26/0e7a5e4b-09d3-452c-b418-7317d4289247_776_1.png"" fit=""contain"" class=""_16I1D"" alt=""Modern Milk Plus White Bread"" loading=""lazy"" style=""width: 100%; height: 100%; object-fit: contain; background: rgb(255, 255, 255);""></div><div class=""_2zIRo _3CyJz"" aria-label=""Delivery in 4 MINS""><div class=""sc-gEvEer ePxHTM GOJ8s _1y_Uf"" aria-hidden=""true"">4 MINS</div></div><div class=""sc-gEvEer bvSpbA _1lbNR"">Modern Milk Plus White Bread</div><div class=""sc-gEvEer diZRny _3bM-V"" aria-hidden=""true"">Soft and fresh white sandwich bread</div></div>"
4 MINS,,,,,"https://instamart-media-assets.swiggy.com/swiggy/image/upload/fl_lossy,f_auto,q_auto,h_544,w_504/NI_CATALOG/IMAGES/CIW/2025/10/10/3a3e1b8e-9ffb-468b-a07b-c850e8aa606f_57201_1.png","<div data-testid=""item-collection-card-full""><div class=""Qp6z9 _2GcSU"" aria-hidden=""true""><div class=""_1r-gK""><div class=""_2fz9L _39H2t"" role=""button"" aria-label=""Add item to cart"" data-testid=""buttonpair-add""><svg aria-hidden=""true"" height=""20"" width=""20"" class=""sc-aXZVg cUeNKf""><use xlink:href=""/core/sprite-Dn8Dml4h.svg#addFilled20""></use></svg></div></div><img src=""https://instamart-media-assets.swiggy.com/swiggy/image/upload/fl_lossy,f_auto,q_auto,h_544,w_504/NI_CATALOG/IMAGES/CIW/2025/10/10/3a3e1b8e-9ffb-468b-a07b-c850e8aa606f_57201_1.png"" fit=""contain"" class=""_16I1D"" alt=""The Health Factory Zero Maida Garlic Bread"" loading=""lazy"" style=""width: 100%; height: 100%; object-fit: contain; background: rgb(255, 255, 255);""></div><div class=""_2zIRo _3CyJz"" aria-label=""Delivery in 4 MINS""><div class=""sc-gEvEer ePxHTM GOJ8s _1y_Uf"" aria-hidden=""true"">4 MINS</div></div><div class=""sc-gEvEer bvSpbA _1lbNR"">The Health Factory Zero Maida Garlic Bread</div><div class=""sc-gEvEer diZRny _3bM-V"" aria-hidden=""true"">High Fibre | No Preservatives | No Colours | No Palm Oil</div></div>"
1% OFF,,,,1% OFF,"https://instamart-media-assets.swiggy.com/swiggy/image/upload/fl_lossy,f_auto,q_auto,h_544,w_504/NI_CATALOG/IMAGES/CIW/2025/10/10/0c665c29-2ae5-456c-8dd7-838a2d39b087_47346_1.png","<div data-testid=""item-collection-card-full""><div class=""Qp6z9 _2GcSU"" aria-hidden=""true""><div class=""_1r-gK""><div class=""_2fz9L _39H2t"" role=""button"" aria-label=""Add item to cart"" data-testid=""buttonpair-add""><svg aria-hidden=""true"" height=""20"" width=""20"" class=""sc-aXZVg cUeNKf""><use xlink:href=""/core/sprite-Dn8Dml4h.svg#addFilled20""></use></svg></div></div><img src=""https://instamart-media-assets.swiggy.com/swiggy/image/upload/fl_lossy,f_auto,q_auto,h_544,w_504/NI_CATALOG/IMAGES/CIW/2025/10/10/0c665c29-2ae5-456c-8dd7-838a2d39b087_47346_1.png"" fit=""contain"" class=""_16I1D"" alt=""The Health Factory Protein Bread (Zero Maida)"" loading=""lazy"" style=""width: 100%; height: 100%; object-fit: contain; background: rgb(255, 255, 255);""><div class=""_3_hgi _3U-ho"" style=""background-image: url(&quot;https://instamart-media-assets.swiggy.com/swiggy/image/upload/fl_lossy,f_auto,q_auto,w_64,h_108/InstamartAssets/Bleed%20Blue/Offer%20Tag.png&quot;);""><div data-testid=""item-offer-label-discount-text"" class=""sc-gEvEer bsYAwc"">1% OFF</div></div></div><div class=""_2zIRo _3CyJz"" aria-label=""Delivery in 4 MINS""><div class=""sc-gEvEer ePxHTM GOJ8s _1y_Uf"" aria-hidden=""true"">4 MINS</div></div><div class=""sc-gEvEer bvSpbA _1lbNR"">The Health Factory Protein Bread (Zero Maida)</div><div class=""sc-gEvEer diZRny _3bM-V"" aria-hidden=""true"">7.6 g of Protein in 2 slices | No Preservatives | No Colours</div></div>"
Handpicked,,,,"Handpicked
30% OFF","https://instamart-media-assets.swiggy.com/swiggy/image/upload/fl_lossy,f_auto,q_auto,h_544,w_504/NI_CATALOG/IMAGES/CIW/2025/5/26/240030a6-ce19-45e8-b101-3fed993962d6_255044.png","<div data-testid=""item-collection-card-full""><div class=""Qp6z9 _2GcSU"" aria-hidden=""true""><div class=""_1r-gK""><div class=""_2fz9L _39H2t"" role=""button"" aria-label=""Add item to cart"" data-testid=""buttonpair-add""><svg aria-hidden=""true"" height=""20"" width=""20"" class=""sc-aXZVg cUeNKf""><use xlink:href=""/core/sprite-Dn8Dml4h.svg#addFilled20""></use></svg></div></div><img src=""https://instamart-media-assets.swiggy.com/swiggy/image/upload/fl_lossy,f_auto,q_auto,h_544,w_504/NI_CATALOG/IMAGES/CIW/2025/5/26/240030a6-ce19-45e8-b101-3fed993962d6_255044.png"" fit=""contain"" class=""_16I1D"" alt=""NOICE Whole Wheat bread (Zero Maida)"" loading=""lazy"" style=""width: 100%; height: 100%; object-fit: contain; background: rgb(255, 255, 255);""><div class=""_1QzFm _2DieI"" data-testid=""item-badge-container"" style=""background: rgba(158, 30, 98, 0.9);""><div aria-hidden=""true"" class=""sc-gEvEer czPfDc _1wQQE"">Handpicked</div><div class=""_3j3yl _3fp3X"" data-testid=""BADGE_ICON""><img src=""https://instamart-media-assets.swiggy.com/swiggy/image/upload/fl_lossy,f_auto,q_auto,h_48,w_48/native-instamart-assets/hp/Handpicked_16x16_White_Filled@5x.png"" loading=""lazy"" style=""width: 100%; height: 100%; object-fit: cover; background: transparent;""></div></div><div class=""_3_hgi _3U-ho"" style=""background-image: url(&quot;https://instamart-media-assets.swiggy.com/swiggy/image/upload/fl_lossy,f_auto,q_auto,w_64,h_108/InstamartAssets/Bleed%20Blue/Offer%20Tag.png&quot;);""><div data-testid=""item-offer-label-discount-text"" class=""sc-gEvEer bsYAwc"">30% OFF</div></div></div><div class=""_2zIRo _3CyJz"" aria-label=""Delivery in 4 MINS""><div class=""sc-gEvEer ePxHTM GOJ8s _1y_Uf"" aria-hidden=""true"">4 MINS</div></div><div class=""sc-gEvEer bvSpbA _1lbNR"">NOICE Whole Wheat bread (Zero Maida)</div><div class=""sc-gEvEer diZRny _3bM-V"" aria-hidden=""true"">Rich, dense &amp; maida-free!</div></div>"
9% OFF,,,,9% OFF,"https://instamart-media-assets.swiggy.com/swiggy/image/upload/fl_lossy,f_auto,q_auto,h_544,w_504/NI_CATALOG/IMAGES/CIW/2025/10/10/59b8e4de-1937-451c-bfa2-1f76ca44897d_817317_1.png","<div data-testid=""item-collection-card-full""><div class=""Qp6z9 _2GcSU"" aria-hidden=""true""><div class=""_1r-gK""><div class=""_2fz9L _39H2t"" role=""button"" aria-label=""Add item to cart"" data-testid=""buttonpair-add""><svg aria-hidden=""true"" height=""20"" width=""20"" class=""sc-aXZVg cUeNKf""><use xlink:href=""/core/sprite-Dn8Dml4h.svg#addFilled20""></use></svg></div></div><img src=""https://instamart-media-assets.swiggy.com/swiggy/image/upload/fl_lossy,f_auto,q_auto,h_544,w_504/NI_CATALOG/IMAGES/CIW/2025/10/10/59b8e4de-1937-451c-bfa2-1f76ca44897d_817317_1.png"" fit=""contain"" class=""_16I1D"" alt=""The Health Factory Zero Maida Super Fibre Bread"" loading=""lazy"" style=""width: 100%; height: 100%; object-fit: contain; background: rgb(255, 255, 255);""><div class=""_3_hgi _3U-ho"" style=""background-image: url(&quot;https://instamart-media-assets.swiggy.com/swiggy/image/upload/fl_lossy,f_auto,q_auto,w_64,h_108/InstamartAssets/Bleed%20Blue/Offer%20Tag.png&quot;);""><div data-testid=""item-offer-label-discount-text"" class=""sc-gEvEer bsYAwc"">9% OFF</div></div></div><div class=""_2zIRo _3CyJz"" aria-label=""Delivery in 4 MINS""><div class=""sc-gEvEer ePxHTM GOJ8s _1y_Uf"" aria-hidden=""true"">4 MINS</div></div><div class=""sc-gEvEer bvSpbA _1lbNR"">The Health Factory Zero Maida Super Fibre Bread</div></div>"
4 MINS,,,,,"https://instamart-media-assets.swiggy.com/swiggy/image/upload/fl_lossy,f_auto,q_auto,h_544,w_504/NI_CATALOG/IMAGES/CIW/2025/6/11/05a651a2-e250-4654-9b30-e124e4c30578_591731_1.png","<div data-testid=""item-collection-card-full""><div class=""Qp6z9 _2GcSU"" aria-hidden=""true""><div class=""_1r-gK""><div class=""_2fz9L _39H2t"" role=""button"" aria-label=""Add item to cart"" data-testid=""buttonpair-add""><svg aria-hidden=""true"" height=""20"" width=""20"" class=""sc-aXZVg cUeNKf""><use xlink:href=""/core/sprite-Dn8Dml4h.svg#addFilled20""></use></svg></div></div><img src=""https://instamart-media-assets.swiggy.com/swiggy/image/upload/fl_lossy,f_auto,q_auto,h_544,w_504/NI_CATALOG/IMAGES/CIW/2025/6/11/05a651a2-e250-4654-9b30-e124e4c30578_591731_1.png"" fit=""contain"" class=""_16I1D"" alt=""Naturbaked zero maida whole wheat bread"" loading=""lazy"" style=""width: 100%; height: 100%; object-fit: contain; background: rgb(255, 255, 255);""></div><div class=""_2zIRo _3CyJz"" aria-label=""Delivery in 4 MINS""><div class=""sc-gEvEer ePxHTM GOJ8s _1y_Uf"" aria-hidden=""true"">4 MINS</div></div><div class=""sc-gEvEer bvSpbA _1lbNR"">Naturbaked zero maida whole wheat bread</div><div class=""sc-gEvEer diZRny _3bM-V"" aria-hidden=""true"">Wholesome Bread, Whole Wheat Goodness.</div></div>"
4 MINS,,,,,"https://instamart-media-assets.swiggy.com/swiggy/image/upload/fl_lossy,f_auto,q_auto,h_544,w_504/NI_CATALOG/IMAGES/CIW/2025/6/11/9dcaac98-b79e-42af-becd-e211b5869dd2_909091_1.png","<div data-testid=""item-collection-card-full""><div class=""Qp6z9 _2GcSU"" aria-hidden=""true""><div class=""_1r-gK""><div class=""_2fz9L _39H2t"" role=""button"" aria-label=""Add item to cart"" data-testid=""buttonpair-add""><svg aria-hidden=""true"" height=""20"" width=""20"" class=""sc-aXZVg cUeNKf""><use xlink:href=""/core/sprite-Dn8Dml4h.svg#addFilled20""></use></svg></div></div><img src=""https://instamart-media-assets.swiggy.com/swiggy/image/upload/fl_lossy,f_auto,q_auto,h_544,w_504/NI_CATALOG/IMAGES/CIW/2025/6/11/9dcaac98-b79e-42af-becd-e211b5869dd2_909091_1.png"" fit=""contain"" class=""_16I1D"" alt=""Naturbaked zero maida superseed bread"" loading=""lazy"" style=""width: 100%; height: 100%; object-fit: contain; background: rgb(255, 255, 255);""></div><div class=""_2zIRo _3CyJz"" aria-label=""Delivery in 4 MINS""><div class=""sc-gEvEer ePxHTM GOJ8s _1y_Uf"" aria-hidden=""true"">4 MINS</div></div><div class=""sc-gEvEer bvSpbA _1lbNR"">Naturbaked zero maida superseed bread</div><div class=""sc-gEvEer diZRny _3bM-V"" aria-hidden=""true"">Wholesome Bread, Superseed Power.</div></div>"
15% OFF,,,,15% OFF,"https://instamart-media-assets.swiggy.com/swiggy/image/upload/fl_lossy,f_auto,q_auto,h_544,w_504/NI_CATALOG/IMAGES/CIW/2025/6/24/f48e00fb-7b6a-43c2-9bc9-caf9532fba33_579873_1.png","<div data-testid=""item-collection-card-full""><div class=""Qp6z9 _2GcSU"" aria-hidden=""true""><div class=""_1r-gK""><div class=""_2fz9L _39H2t"" role=""button"" aria-label=""Add item to cart"" data-testid=""buttonpair-add""><svg aria-hidden=""true"" height=""20"" width=""20"" class=""sc-aXZVg cUeNKf""><use xlink:href=""/core/sprite-Dn8Dml4h.svg#addFilled20""></use></svg></div></div><img src=""https://instamart-media-assets.swiggy.com/swiggy/image/upload/fl_lossy,f_auto,q_auto,h_544,w_504/NI_CATALOG/IMAGES/CIW/2025/6/24/f48e00fb-7b6a-43c2-9bc9-caf9532fba33_579873_1.png"" fit=""contain"" class=""_16I1D"" alt=""Baker's Loaf- Zero Preservatives Multigrain Bread"" loading=""lazy"" style=""width: 100%; height: 100%; object-fit: contain; background: rgb(255, 255, 255);""><div class=""_3_hgi _3U-ho"" style=""background-image: url(&quot;https://instamart-media-assets.swiggy.com/swiggy/image/upload/fl_lossy,f_auto,q_auto,w_64,h_108/InstamartAssets/Bleed%20Blue/Offer%20Tag.png&quot;);""><div data-testid=""item-offer-label-discount-text"" class=""sc-gEvEer bsYAwc"">15% OFF</div></div></div><div class=""_2zIRo _3CyJz"" aria-label=""Delivery in 4 MINS""><div class=""sc-gEvEer ePxHTM GOJ8s _1y_Uf"" aria-hidden=""true"">4 MINS</div></div><div class=""sc-gEvEer bvSpbA _1lbNR"">Baker's Loaf- Zero Preservatives Multigrain Bread</div></div>"
4 MINS,,,,,"https://instamart-media-assets.swiggy.com/swiggy/image/upload/fl_lossy,f_auto,q_auto,h_544,w_504/NI_CATALOG/IMAGES/CIW/2025/7/10/77b22df4-5169-40e6-a015-cc06933840c7_653771_1.png","<div data-testid=""item-collection-card-full""><div class=""Qp6z9 _2GcSU"" aria-hidden=""true""><div class=""_1r-gK""><div class=""_2fz9L _39H2t"" role=""button"" aria-label=""Add item to cart"" data-testid=""buttonpair-add""><svg aria-hidden=""true"" height=""20"" width=""20"" class=""sc-aXZVg cUeNKf""><use xlink:href=""/core/sprite-Dn8Dml4h.svg#addFilled20""></use></svg></div></div><img src=""https://instamart-media-assets.swiggy.com/swiggy/image/upload/fl_lossy,f_auto,q_auto,h_544,w_504/NI_CATALOG/IMAGES/CIW/2025/7/10/77b22df4-5169-40e6-a015-cc06933840c7_653771_1.png"" fit=""contain"" class=""_16I1D"" alt=""Theobroma 100% Whole Wheat Bread"" loading=""lazy"" style=""width: 100%; height: 100%; object-fit: contain; background: rgb(255, 255, 255);""></div><div class=""_2zIRo _3CyJz"" aria-label=""Delivery in 4 MINS""><div class=""sc-gEvEer ePxHTM GOJ8s _1y_Uf"" aria-hidden=""true"">4 MINS</div></div><div class=""sc-gEvEer bvSpbA _1lbNR"">Theobroma 100% Whole Wheat Bread</div></div>"
4 MINS,,,,,"https://instamart-media-assets.swiggy.com/swiggy/image/upload/fl_lossy,f_auto,q_auto,h_544,w_504/cgjpnccdd1hqddai18xn","<div data-testid=""item-collection-card-full""><div class=""Qp6z9 _2GcSU"" aria-hidden=""true""><div class=""_1r-gK""><div class=""_2fz9L _39H2t"" role=""button"" aria-label=""Add item to cart"" data-testid=""buttonpair-add""><svg aria-hidden=""true"" height=""20"" width=""20"" class=""sc-aXZVg cUeNKf""><use xlink:href=""/core/sprite-Dn8Dml4h.svg#addFilled20""></use></svg></div></div><img src=""https://instamart-media-assets.swiggy.com/swiggy/image/upload/fl_lossy,f_auto,q_auto,h_544,w_504/cgjpnccdd1hqddai18xn"" fit=""contain"" class=""_16I1D"" alt=""Modern Enriched Sweet Bread"" loading=""lazy"" style=""width: 100%; height: 100%; object-fit: contain; background: rgb(255, 255, 255);""></div><div class=""_2zIRo _3CyJz"" aria-label=""Delivery in 4 MINS""><div class=""sc-gEvEer ePxHTM GOJ8s _1y_Uf"" aria-hidden=""true"">4 MINS</div></div><div class=""sc-gEvEer bvSpbA _1lbNR"">Modern Enriched Sweet Bread</div></div>"
4 MINS,,,,,"https://instamart-media-assets.swiggy.com/swiggy/image/upload/fl_lossy,f_auto,q_auto,h_544,w_504/NI_CATALOG/IMAGES/CIW/2025/6/28/0c446dda-03f5-4ea4-b6af-26197cc37e0c_1.Composite.jpg","<div data-testid=""item-collection-card-full""><div class=""Qp6z9 _2GcSU"" aria-hidden=""true""><div class=""_1r-gK""><div class=""_2fz9L _39H2t"" role=""button"" aria-label=""Add item to cart"" data-testid=""buttonpair-add""><svg aria-hidden=""true"" height=""20"" width=""20"" class=""sc-aXZVg cUeNKf""><use xlink:href=""/core/sprite-Dn8Dml4h.svg#addFilled20""></use></svg></div></div><img src=""https://instamart-media-assets.swiggy.com/swiggy/image/upload/fl_lossy,f_auto,q_auto,h_544,w_504/NI_CATALOG/IMAGES/CIW/2025/6/28/0c446dda-03f5-4ea4-b6af-26197cc37e0c_1.Composite.jpg"" fit=""contain"" class=""_16I1D"" alt=""The Baker's Dozen Zero Maida Garlic Bread"" loading=""lazy"" style=""width: 100%; height: 100%; object-fit: contain; background: rgb(255, 255, 255);""></div><div class=""_2zIRo _3CyJz"" aria-label=""Delivery in 4 MINS""><div class=""sc-gEvEer ePxHTM GOJ8s _1y_Uf"" aria-hidden=""true"">4 MINS</div></div><div class=""sc-gEvEer bvSpbA _1lbNR"">The Baker's Dozen Zero Maida Garlic Bread</div><div class=""sc-gEvEer diZRny _3bM-V"" aria-hidden=""true"">100% Wholewheat, made healthier</div></div>"
Handpicked,,,,"Handpicked
27% OFF","https://instamart-media-assets.swiggy.com/swiggy/image/upload/fl_lossy,f_auto,q_auto,h_544,w_504/NI_CATALOG/IMAGES/CIW/2025/5/26/1d5abd04-bfc3-4d8d-8f9e-a3a55425aa23_777717.png","<div data-testid=""item-collection-card-full""><div class=""Qp6z9 _2GcSU"" aria-hidden=""true""><div class=""_1r-gK""><div class=""_2fz9L _39H2t"" role=""button"" aria-label=""Add item to cart"" data-testid=""buttonpair-add""><svg aria-hidden=""true"" height=""20"" width=""20"" class=""sc-aXZVg cUeNKf""><use xlink:href=""/core/sprite-Dn8Dml4h.svg#addFilled20""></use></svg></div></div><img src=""https://instamart-media-assets.swiggy.com/swiggy/image/upload/fl_lossy,f_auto,q_auto,h_544,w_504/NI_CATALOG/IMAGES/CIW/2025/5/26/1d5abd04-bfc3-4d8d-8f9e-a3a55425aa23_777717.png"" fit=""contain"" class=""_16I1D"" alt=""NOICE Japanese Milk Bread (Freshly made) (Contains Egg)"" loading=""lazy"" style=""width: 100%; height: 100%; object-fit: contain; background: rgb(255, 255, 255);""><div class=""_1QzFm _2DieI"" data-testid=""item-badge-container"" style=""background: rgba(158, 30, 98, 0.9);""><div aria-hidden=""true"" class=""sc-gEvEer czPfDc _1wQQE"">Handpicked</div><div class=""_3j3yl _3fp3X"" data-testid=""BADGE_ICON""><img src=""https://instamart-media-assets.swiggy.com/swiggy/image/upload/fl_lossy,f_auto,q_auto,h_48,w_48/native-instamart-assets/hp/Handpicked_16x16_White_Filled@5x.png"" loading=""lazy"" style=""width: 100%; height: 100%; object-fit: cover; background: transparent;""></div></div><div class=""_3_hgi _3U-ho"" style=""background-image: url(&quot;https://instamart-media-assets.swiggy.com/swiggy/image/upload/fl_lossy,f_auto,q_auto,w_64,h_108/InstamartAssets/Bleed%20Blue/Offer%20Tag.png&quot;);""><div data-testid=""item-offer-label-discount-text"" class=""sc-gEvEer bsYAwc"">27% OFF</div></div></div><div class=""_2zIRo _3CyJz"" aria-label=""Delivery in 4 MINS""><div class=""sc-gEvEer ePxHTM GOJ8s _1y_Uf"" aria-hidden=""true"">4 MINS</div></div><div class=""sc-gEvEer bvSpbA _1lbNR"">NOICE Japanese Milk Bread (Freshly made) (Contains Egg)</div><div class=""sc-gEvEer diZRny _3bM-V"" aria-hidden=""true"">Japanâ€™s fluffiest &amp; softest is now here!</div></div>"
