Categories,URL
,
GROCERY & KITCHEN,
Fresh Vegetables and Fruits,
Fresh vegetables,https://www.swiggy.com/instamart/category-listing?categoryName=Fresh+Vegetables&custom_back=true&taxonomyType=Speciality+taxonomy+1
Leafy and Seasonings,https://www.swiggy.com/instamart/category-listing?categoryName=Fresh+Vegetables&custom_back=true&filterId=67adce8fa2cbf200012c57cd&storeId=1135721&taxonomyType=Speciality+taxonomy+1
Exotic Vegetables,https://www.swiggy.com/instamart/category-listing?categoryName=Fresh+Vegetables&custom_back=true&filterId=67adbf76c38ee700010bf802&storeId=1135721&taxonomyType=Speciality+taxonomy+1
Cuts & Sprouts,https://www.swiggy.com/instamart/category-listing?categoryName=Fresh+Vegetables&custom_back=true&filterId=67b80af2b3a94c000165d2bf&storeId=1135721&taxonomyType=Speciality+taxonomy+1
Pooja and Festive,https://www.swiggy.com/instamart/category-listing?categoryName=Fresh+Vegetables&custom_back=true&filterId=67adc797c38ee700010bf804&storeId=1135721&taxonomyType=Speciality+taxonomy+1
Certified Organics,https://www.swiggy.com/instamart/category-listing?categoryName=Fresh+Vegetables&custom_back=true&filterId=67b807a8b3a94c000165d2be&storeId=1135721&taxonomyType=Speciality+taxonomy+1
Combos,https://www.swiggy.com/instamart/category-listing?categoryName=Fresh+Vegetables&custom_back=true&filterId=67adbf55c51cb000011dcb20&storeId=1135721&taxonomyType=Speciality+taxonomy+1
Fresh Fruits,https://www.swiggy.com/instamart/category-listing?categoryName=Fresh+Vegetables&custom_back=true&filterId=67adbfc9c51cb000011dcb21&storeId=1135721&taxonomyType=Speciality+taxonomy+1
Exotic Fruits,https://www.swiggy.com/instamart/category-listing?categoryName=Fresh+Vegetables&custom_back=true&filterId=67adbf9dc38ee700010bf803&storeId=1135721&taxonomyType=Speciality+taxonomy+1
Bouquet & Plants,https://www.swiggy.com/instamart/category-listing?categoryName=Fresh+Vegetables&custom_back=true&filterId=67add09ac38ee700010bf807&storeId=1135721&taxonomyType=Speciality+taxonomy+1
Cut Fruits and Juices,https://www.swiggy.com/instamart/category-listing?categoryName=Fresh+Vegetables&custom_back=true&filterId=67b809f180886b0001337f79&storeId=1135721&taxonomyType=Speciality+taxonomy+1
"Dairy, Bread and Eggs",
Bestsellers,https://www.swiggy.com/instamart/category-listing?categoryName=Dairy%2C+Bread+and+Eggs&custom_back=true&taxonomyType=Speciality+taxonomy+1
Bread and Buns,https://www.swiggy.com/instamart/category-listing?categoryName=Dairy%2C+Bread+and+Eggs&custom_back=true&filterId=67a99cdf4501a50001f7c7e4&storeId=1135721&taxonomyType=Speciality+taxonomy+1
Milk,https://www.swiggy.com/instamart/category-listing?categoryName=Dairy%2C+Bread+and+Eggs&custom_back=true&filterId=67a99dcc62ab1200019a75c1&storeId=1135721&taxonomyType=Speciality+taxonomy+1
Eggs,https://www.swiggy.com/instamart/category-listing?categoryName=Dairy%2C+Bread+and+Eggs&custom_back=true&filterId=67a99d554501a50001f7c7e6&storeId=1135721&taxonomyType=Speciality+taxonomy+1
Curd and Yogurts,https://www.swiggy.com/instamart/category-listing?categoryName=Dairy%2C+Bread+and+Eggs&custom_back=true&filterId=67a99d28c0d80a0001b0cd49&storeId=1135721&taxonomyType=Speciality+taxonomy+1
Paneer and Cream,https://www.swiggy.com/instamart/category-listing?categoryName=Dairy%2C+Bread+and+Eggs&custom_back=true&filterId=67a99e02c0d80a0001b0cd4a&storeId=1135721&taxonomyType=Speciality+taxonomy+1
Cheese,https://www.swiggy.com/instamart/category-listing?categoryName=Dairy%2C+Bread+and+Eggs&custom_back=true&filterId=67a99d084501a50001f7c7e5&storeId=1135721&taxonomyType=Speciality+taxonomy+1
Butter,https://www.swiggy.com/instamart/category-listing?categoryName=Dairy%2C+Bread+and+Eggs&custom_back=true&filterId=67a99cf4839647000132e227&storeId=1135721&taxonomyType=Speciality+taxonomy+1
Batters,https://www.swiggy.com/instamart/category-listing?categoryName=Dairy%2C+Bread+and+Eggs&custom_back=true&filterId=67c2dfc907feb5000170c2c5&storeId=1135721&taxonomyType=Speciality+taxonomy+1
Indian Breads,https://www.swiggy.com/instamart/category-listing?categoryName=Dairy%2C+Bread+and+Eggs&custom_back=true&filterId=67a99d6d4501a50001f7c7e7&storeId=1135721&taxonomyType=Speciality+taxonomy+1
Dairy Alternatives,https://www.swiggy.com/instamart/category-listing?categoryName=Dairy%2C+Bread+and+Eggs&custom_back=true&filterId=67a99d3f839647000132e228&storeId=1135721&taxonomyType=Speciality+taxonomy+1
Lassi and Buttermilk,https://www.swiggy.com/instamart/category-listing?categoryName=Dairy%2C+Bread+and+Eggs&custom_back=true&filterId=67a99db462ab1200019a75c0&storeId=1135721&taxonomyType=Speciality+taxonomy+1
Milkshakes and More,https://www.swiggy.com/instamart/category-listing?categoryName=Dairy%2C+Bread+and+Eggs&custom_back=true&filterId=67a99de662ab1200019a75c2&storeId=1135721&taxonomyType=Speciality+taxonomy+1
Cereals and Breakfast,
Crazy Deals,https://www.swiggy.com/instamart/category-listing?categoryName=Cereals+and+Breakfast&custom_back=true&taxonomyType=Speciality+taxonomy+1
Muesli & Granola,https://www.swiggy.com/instamart/category-listing?categoryName=Cereals+and+Breakfast&custom_back=true&filterId=67a9ba14839647000132e229&storeId=1135721&taxonomyType=Speciality+taxonomy+1
Oats,https://www.swiggy.com/instamart/category-listing?categoryName=Cereals+and+Breakfast&custom_back=true&filterId=67a9ba4662ab1200019a75c4&storeId=1135721&taxonomyType=Speciality+taxonomy+1
Flakes,https://www.swiggy.com/instamart/category-listing?categoryName=Cereals+and+Breakfast&custom_back=true&filterId=67a997c1839647000132e223&storeId=1135721&taxonomyType=Speciality+taxonomy+1
Energy Bars,https://www.swiggy.com/instamart/category-listing?categoryName=Cereals+and+Breakfast&custom_back=true&filterId=67a997b0c0d80a0001b0cd44&storeId=1135721&taxonomyType=Speciality+taxonomy+1
Peanut Butters,https://www.swiggy.com/instamart/category-listing?categoryName=Cereals+and+Breakfast&custom_back=true&filterId=67a9ba7e62ab1200019a75c5&storeId=1135721&taxonomyType=Speciality+taxonomy+1
Instant Oats,https://www.swiggy.com/instamart/category-listing?categoryName=Cereals+and+Breakfast&custom_back=true&filterId=67a99835839647000132e224&storeId=1135721&taxonomyType=Speciality+taxonomy+1
Batters & Mixes,https://www.swiggy.com/instamart/category-listing?categoryName=Cereals+and+Breakfast&custom_back=true&filterId=67a99786c0d80a0001b0cd43&storeId=1135721&taxonomyType=Speciality+taxonomy+1
Seeds and trail Mixes,https://www.swiggy.com/instamart/category-listing?categoryName=Cereals+and+Breakfast&custom_back=true&filterId=67a9bacec0d80a0001b0cd4c&storeId=1135721&taxonomyType=Speciality+taxonomy+1
Hot Beverages,https://www.swiggy.com/instamart/category-listing?categoryName=Cereals+and+Breakfast&custom_back=true&filterId=67a9981062ab1200019a75bd&storeId=1135721&taxonomyType=Speciality+taxonomy+1
Juices & Fruit Drinks,https://www.swiggy.com/instamart/category-listing?categoryName=Cereals+and+Breakfast&custom_back=true&filterId=67a999084501a50001f7c7e2&storeId=1135721&taxonomyType=Speciality+taxonomy+1
Chocolate Spreads,https://www.swiggy.com/instamart/category-listing?categoryName=Cereals+and+Breakfast&custom_back=true&filterId=67a997a24501a50001f7c7e1&storeId=1135721&taxonomyType=Speciality+taxonomy+1
Kids Cereals,https://www.swiggy.com/instamart/category-listing?categoryName=Cereals+and+Breakfast&custom_back=true&filterId=67a9993fc0d80a0001b0cd46&storeId=1135721&taxonomyType=Speciality+taxonomy+1
Mayo & Spreads,https://www.swiggy.com/instamart/category-listing?categoryName=Cereals+and+Breakfast&custom_back=true&filterId=67a9996b839647000132e225&storeId=1135721&taxonomyType=Speciality+taxonomy+1
Pancake Mixes,https://www.swiggy.com/instamart/category-listing?categoryName=Cereals+and+Breakfast&custom_back=true&filterId=67a9ba67839647000132e22a&storeId=1135721&taxonomyType=Speciality+taxonomy+1
"Atta, Rice and Dal",
Top Deals,https://www.swiggy.com/instamart/category-listing?categoryName=Atta%2C+Rice+and+Dal&custom_back=true&taxonomyType=Speciality+taxonomy+1
Basmati Rice,https://www.swiggy.com/instamart/category-listing?categoryName=Atta%2C+Rice+and+Dal&custom_back=true&filterId=67adac64e76f100001151f91&storeId=1135721&taxonomyType=Speciality+taxonomy+1
Atta,https://www.swiggy.com/instamart/category-listing?categoryName=Atta%2C+Rice+and+Dal&custom_back=true&filterId=67adac42adfce9000164b2fe&storeId=1135721&taxonomyType=Speciality+taxonomy+1
"Besan, Sooji and Maida",https://www.swiggy.com/instamart/category-listing?categoryName=Atta%2C+Rice+and+Dal&custom_back=true&filterId=67adac7cc38ee700010bf7fb&storeId=1135721&taxonomyType=Speciality+taxonomy+1
"Toor, Moong and Urad",https://www.swiggy.com/instamart/category-listing?categoryName=Atta%2C+Rice+and+Dal&custom_back=true&filterId=67adb0a5c38ee700010bf800&storeId=1135721&taxonomyType=Speciality+taxonomy+1
"Rajma, Chola and Others",https://www.swiggy.com/instamart/category-listing?categoryName=Atta%2C+Rice+and+Dal&custom_back=true&filterId=67adafe3e76f100001151f93&storeId=1135721&taxonomyType=Speciality+taxonomy+1
Poha & Puffed Rice,https://www.swiggy.com/instamart/category-listing?categoryName=Atta%2C+Rice+and+Dal&custom_back=true&filterId=67adacf4e76f100001151f92&storeId=1135721&taxonomyType=Speciality+taxonomy+1
Millets & Daliya,https://www.swiggy.com/instamart/category-listing?categoryName=Atta%2C+Rice+and+Dal&custom_back=true&filterId=67adaca4c51cb000011dcb1a&storeId=1135721&taxonomyType=Speciality+taxonomy+1
Other Flours,https://www.swiggy.com/instamart/category-listing?categoryName=Atta%2C+Rice+and+Dal&custom_back=true&filterId=67adaccfc38ee700010bf7fc&storeId=1135721&taxonomyType=Speciality+taxonomy+1
Rice,https://www.swiggy.com/instamart/category-listing?categoryName=Atta%2C+Rice+and+Dal&custom_back=true&filterId=67adb044c38ee700010bf7ff&storeId=1135721&taxonomyType=Speciality+taxonomy+1
Soya Chunk & Badi,https://www.swiggy.com/instamart/category-listing?categoryName=Atta%2C+Rice+and+Dal&custom_back=true&filterId=67adb060c51cb000011dcb1c&storeId=1135721&taxonomyType=Speciality+taxonomy+1
Ready to Cook Flour Mix,https://www.swiggy.com/instamart/category-listing?categoryName=Atta%2C+Rice+and+Dal&custom_back=true&filterId=67adb02fc38ee700010bf7fe&storeId=1135721&taxonomyType=Speciality+taxonomy+1
Newly Added,https://www.swiggy.com/instamart/category-listing?categoryName=Atta%2C+Rice+and+Dal&custom_back=true&filterId=67b47e9a7e05fb00017f7b56&storeId=1135721&taxonomyType=Speciality+taxonomy+1
,
Oils and Ghee,
Top Deals,https://www.swiggy.com/instamart/category-listing?categoryName=Oils+and+Ghee&custom_back=true&taxonomyType=Speciality+taxonomy+1
Sunflower & Other Oils,https://www.swiggy.com/instamart/category-listing?categoryName=Oils+and+Ghee&custom_back=true&filterId=67a8de074501a50001f7c7cc&storeId=1135721&taxonomyType=Speciality+taxonomy+1
Mustard Oils,https://www.swiggy.com/instamart/category-listing?categoryName=Oils+and+Ghee&custom_back=true&filterId=67a8da8ec0d80a0001b0cd33&storeId=1135721&taxonomyType=Speciality+taxonomy+1
Ghee,https://www.swiggy.com/instamart/category-listing?categoryName=Oils+and+Ghee&custom_back=true&filterId=67a8da4b839647000132e214&storeId=1135721&taxonomyType=Speciality+taxonomy+1
Blended Oils,https://www.swiggy.com/instamart/category-listing?categoryName=Oils+and+Ghee&custom_back=true&filterId=67a8d8f6839647000132e212&storeId=1135721&taxonomyType=Speciality+taxonomy+1
Rice Bran Oils,https://www.swiggy.com/instamart/category-listing?categoryName=Oils+and+Ghee&custom_back=true&filterId=67a8db02839647000132e215&storeId=1135721&taxonomyType=Speciality+taxonomy+1
Olive Oils,https://www.swiggy.com/instamart/category-listing?categoryName=Oils+and+Ghee&custom_back=true&filterId=67a8daea4501a50001f7c7ca&storeId=1135721&taxonomyType=Speciality+taxonomy+1
Soyabean Oils,https://www.swiggy.com/instamart/category-listing?categoryName=Oils+and+Ghee&custom_back=true&filterId=67a8db204501a50001f7c7cb&storeId=1135721&taxonomyType=Speciality+taxonomy+1
Cold-pressed Oils,https://www.swiggy.com/instamart/category-listing?categoryName=Oils+and+Ghee&custom_back=true&filterId=67a8da31839647000132e213&storeId=1135721&taxonomyType=Speciality+taxonomy+1
Sunflower Oils,https://www.swiggy.com/instamart/category-listing?categoryName=Oils+and+Ghee&custom_back=true&filterId=67a8de8262ab1200019a75ac&storeId=1135721&taxonomyType=Speciality+taxonomy+1
Newly Added,https://www.swiggy.com/instamart/category-listing?categoryName=Oils+and+Ghee&custom_back=true&filterId=67b48242b3a94c000165d294&storeId=1135721&taxonomyType=Speciality+taxonomy+1
,
Masalas,
Top Deals,https://www.swiggy.com/instamart/category-listing?categoryName=Masalas&custom_back=true&taxonomyType=Speciality+taxonomy+1
Powdered Spices,https://www.swiggy.com/instamart/category-listing?categoryName=Masalas&custom_back=true&filterId=678f8c2c0a23800001ee3d64&storeId=1135721&taxonomyType=Speciality+taxonomy+1
Salt,https://www.swiggy.com/instamart/category-listing?categoryName=Masalas&custom_back=true&filterId=678f8c0e0a23800001ee3d63&storeId=1135721&taxonomyType=Speciality+taxonomy+1
Sugar and Jaggery,https://www.swiggy.com/instamart/category-listing?categoryName=Masalas&custom_back=true&filterId=678f8d4b6d33590001d284d1&storeId=1135721&taxonomyType=Speciality+taxonomy+1
Whole Spices,https://www.swiggy.com/instamart/category-listing?categoryName=Masalas&custom_back=true&filterId=678f8d686d33590001d284d2&storeId=1135721&taxonomyType=Speciality+taxonomy+1
Ready Masala,https://www.swiggy.com/instamart/category-listing?categoryName=Masalas&custom_back=true&filterId=678f8c693e249c0001bc4070&storeId=1135721&taxonomyType=Speciality+taxonomy+1
Paste and Puree,https://www.swiggy.com/instamart/category-listing?categoryName=Masalas&custom_back=true&filterId=678f8c4c6d33590001d284d0&storeId=1135721&taxonomyType=Speciality+taxonomy+1
Herbs & Seasoning,https://www.swiggy.com/instamart/category-listing?categoryName=Masalas&custom_back=true&filterId=678f8bf53e249c0001bc406f&storeId=1135721&taxonomyType=Speciality+taxonomy+1
Coconut Milk & Powder,https://www.swiggy.com/instamart/category-listing?categoryName=Masalas&custom_back=true&filterId=678f8bd86d33590001d284cf&storeId=1135721&taxonomyType=Speciality+taxonomy+1
Newly Added,https://www.swiggy.com/instamart/category-listing?categoryName=Masalas&custom_back=true&filterId=67b8656a768a0b0001dfb89c&storeId=1135721&taxonomyType=Speciality+taxonomy+1
,
Bakery,
Cakes and Muffins,https://www.swiggy.com/instamart/category-listing?categoryName=Bakery&custom_back=true&taxonomyType=Speciality+taxonomy+1
Cookies and Biscotti,https://www.swiggy.com/instamart/category-listing?categoryName=Bakery&custom_back=true&filterId=67a8d19262ab1200019a75a9&storeId=1135721&taxonomyType=Speciality+taxonomy+1
Rusk and Khari,https://www.swiggy.com/instamart/category-listing?categoryName=Bakery&custom_back=true&filterId=67a8d222839647000132e20d&storeId=1135721&taxonomyType=Speciality+taxonomy+1
Premium Breads,https://www.swiggy.com/instamart/category-listing?categoryName=Bakery&custom_back=true&filterId=67a8d1ae4501a50001f7c7c8&storeId=1135721&taxonomyType=Speciality+taxonomy+1
"Buns, Pav and Kulcha",https://www.swiggy.com/instamart/category-listing?categoryName=Bakery&custom_back=true&filterId=67a8d0ce839647000132e20c&storeId=1135721&taxonomyType=Speciality+taxonomy+1
Sliced Breads,https://www.swiggy.com/instamart/category-listing?categoryName=Bakery&custom_back=true&filterId=67a8d23fc0d80a0001b0cd2e&storeId=1135721&taxonomyType=Speciality+taxonomy+1
,
Biscuits and Cakes,
Crazy Deals,https://www.swiggy.com/instamart/category-listing?categoryName=Biscuits+and+Cakes&custom_back=true&taxonomyType=Speciality+taxonomy+1
Marie and Digestive,https://www.swiggy.com/instamart/category-listing?categoryName=Biscuits+and+Cakes&custom_back=true&filterId=67a8d72ac0d80a0001b0cd31&storeId=1135721&taxonomyType=Speciality+taxonomy+1
Cookies,https://www.swiggy.com/instamart/category-listing?categoryName=Biscuits+and+Cakes&custom_back=true&filterId=67a8d30dc0d80a0001b0cd2f&storeId=1135721&taxonomyType=Speciality+taxonomy+1
Cream Biscuits,https://www.swiggy.com/instamart/category-listing?categoryName=Biscuits+and+Cakes&custom_back=true&filterId=67a8d348c0d80a0001b0cd30&storeId=1135721&taxonomyType=Speciality+taxonomy+1
Cakes and Pies,https://www.swiggy.com/instamart/category-listing?categoryName=Biscuits+and+Cakes&custom_back=true&filterId=67a8d2b14501a50001f7c7c9&storeId=1135721&taxonomyType=Speciality+taxonomy+1
Salted and Plain,https://www.swiggy.com/instamart/category-listing?categoryName=Biscuits+and+Cakes&custom_back=true&filterId=67a8d82562ab1200019a75ab&storeId=1135721&taxonomyType=Speciality+taxonomy+1
Rusk,https://www.swiggy.com/instamart/category-listing?categoryName=Biscuits+and+Cakes&custom_back=true&filterId=67a8d75f839647000132e210&storeId=1135721&taxonomyType=Speciality+taxonomy+1
Wafers,https://www.swiggy.com/instamart/category-listing?categoryName=Biscuits+and+Cakes&custom_back=true&filterId=67a8d87bc0d80a0001b0cd32&storeId=1135721&taxonomyType=Speciality+taxonomy+1
Gift Boxes,https://www.swiggy.com/instamart/category-listing?categoryName=Biscuits+and+Cakes&custom_back=true&filterId=67a8d413839647000132e20e&storeId=1135721&taxonomyType=Speciality+taxonomy+1
Healthy Snacking,https://www.swiggy.com/instamart/category-listing?categoryName=Biscuits+and+Cakes&custom_back=true&filterId=67a8d6ee839647000132e20f&storeId=1135721&taxonomyType=Speciality+taxonomy+1
,
"Tea, Coffee and More",
Top Deals,https://www.swiggy.com/instamart/category-listing?categoryName=Tea%2C+Coffee+and+More&custom_back=true&taxonomyType=Speciality+taxonomy+1
Tea,https://www.swiggy.com/instamart/category-listing?categoryName=Tea%2C+Coffee+and+More&custom_back=true&filterId=67a8e4f3c0d80a0001b0cd36&storeId=1135721&taxonomyType=Speciality+taxonomy+1
Instant Coffee,https://www.swiggy.com/instamart/category-listing?categoryName=Tea%2C+Coffee+and+More&custom_back=true&filterId=67a8e3b1c0d80a0001b0cd35&storeId=1135721&taxonomyType=Speciality+taxonomy+1
Adult Nutrition,https://www.swiggy.com/instamart/category-listing?categoryName=Tea%2C+Coffee+and+More&custom_back=true&filterId=67a8def34501a50001f7c7cd&storeId=1135721&taxonomyType=Speciality+taxonomy+1
Filter & Ground Coffee,https://www.swiggy.com/instamart/category-listing?categoryName=Tea%2C+Coffee+and+More&custom_back=true&filterId=67a8e2324501a50001f7c7ce&storeId=1135721&taxonomyType=Speciality+taxonomy+1
Choco Syrups & Powders,https://www.swiggy.com/instamart/category-listing?categoryName=Tea%2C+Coffee+and+More&custom_back=true&filterId=67a8e12462ab1200019a75ad&storeId=1135721&taxonomyType=Speciality+taxonomy+1
Green and Herbal Tea,https://www.swiggy.com/instamart/category-listing?categoryName=Tea%2C+Coffee+and+More&custom_back=true&filterId=67a8e35fc0d80a0001b0cd34&storeId=1135721&taxonomyType=Speciality+taxonomy+1
Health Drink Mixes,https://www.swiggy.com/instamart/category-listing?categoryName=Tea%2C+Coffee+and+More&custom_back=true&filterId=67a8e21862ab1200019a75ae&storeId=1135721&taxonomyType=Speciality+taxonomy+1
Hot Chocolate,https://www.swiggy.com/instamart/category-listing?categoryName=Tea%2C+Coffee+and+More&custom_back=true&filterId=67b58c29df43fb00011f0a76&storeId=1135721&taxonomyType=Speciality+taxonomy+1
Protein Powders,https://www.swiggy.com/instamart/category-listing?categoryName=Tea%2C+Coffee+and+More&custom_back=true&filterId=67a8e440839647000132e218&storeId=1135721&taxonomyType=Speciality+taxonomy+1
Premixes,https://www.swiggy.com/instamart/category-listing?categoryName=Tea%2C+Coffee+and+More&custom_back=true&filterId=67a8e3f1839647000132e217&storeId=1135721&taxonomyType=Speciality+taxonomy+1
Fruit Syrups and Powders,https://www.swiggy.com/instamart/category-listing?categoryName=Tea%2C+Coffee+and+More&custom_back=true&filterId=67a8e2d24501a50001f7c7cf&storeId=1135721&taxonomyType=Speciality+taxonomy+1
Newly Added,https://www.swiggy.com/instamart/category-listing?categoryName=Tea%2C+Coffee+and+More&custom_back=true&filterId=67b4835ce3322000017747f2&storeId=1135721&taxonomyType=Speciality+taxonomy+1
,
Dry Fruits and Seeds Mix,
Top Deals,https://www.swiggy.com/instamart/category-listing?categoryName=Dry+Fruits+and+Seeds+Mix&custom_back=true&taxonomyType=Speciality+taxonomy+1
Almonds,https://www.swiggy.com/instamart/category-listing?categoryName=Dry+Fruits+and+Seeds+Mix&custom_back=true&filterId=678f80eb6d33590001d284cc&storeId=1135721&taxonomyType=Speciality+taxonomy+1
Cashews,https://www.swiggy.com/instamart/category-listing?categoryName=Dry+Fruits+and+Seeds+Mix&custom_back=true&filterId=678f810a6d33590001d284cd&storeId=1135721&taxonomyType=Speciality+taxonomy+1
Dates,https://www.swiggy.com/instamart/category-listing?categoryName=Dry+Fruits+and+Seeds+Mix&custom_back=true&filterId=678f813d0a23800001ee3d5e&storeId=1135721&taxonomyType=Speciality+taxonomy+1
Pista & Walnuts,https://www.swiggy.com/instamart/category-listing?categoryName=Dry+Fruits+and+Seeds+Mix&custom_back=true&filterId=678f81e96d33590001d284ce&storeId=1135721&taxonomyType=Speciality+taxonomy+1
Makhana and Seeds,https://www.swiggy.com/instamart/category-listing?categoryName=Dry+Fruits+and+Seeds+Mix&custom_back=true&filterId=678f819b85f8990001ad961e&storeId=1135721&taxonomyType=Speciality+taxonomy+1
Dried Fruits and Berries,https://www.swiggy.com/instamart/category-listing?categoryName=Dry+Fruits+and+Seeds+Mix&custom_back=true&filterId=678f815d0a23800001ee3d5f&storeId=1135721&taxonomyType=Speciality+taxonomy+1
Nuts and Seeds Mix,https://www.swiggy.com/instamart/category-listing?categoryName=Dry+Fruits+and+Seeds+Mix&custom_back=true&filterId=678f81c70a23800001ee3d61&storeId=1135721&taxonomyType=Speciality+taxonomy+1
Gift Packs,https://www.swiggy.com/instamart/category-listing?categoryName=Dry+Fruits+and+Seeds+Mix&custom_back=true&filterId=678f817c0a23800001ee3d60&storeId=1135721&taxonomyType=Speciality+taxonomy+1
Newly Added,https://www.swiggy.com/instamart/category-listing?categoryName=Dry+Fruits+and+Seeds+Mix&custom_back=true&filterId=67b8663fb3a94c000165d2c4&storeId=1135721&taxonomyType=Speciality+taxonomy+1
,
Meat and Seafood,
Bestsellers,https://www.swiggy.com/instamart/category-listing?categoryName=Meat+and+Seafood&custom_back=true&taxonomyType=Speciality+taxonomy+1
Chicken,https://www.swiggy.com/instamart/category-listing?categoryName=Meat+and+Seafood&custom_back=true&filterId=67adb1d1e76f100001151f94&storeId=1135721&taxonomyType=Speciality+taxonomy+1
Mutton,https://www.swiggy.com/instamart/category-listing?categoryName=Meat+and+Seafood&custom_back=true&filterId=67adbc95c51cb000011dcb1e&storeId=1135721&taxonomyType=Speciality+taxonomy+1
Fish and Seafood,https://www.swiggy.com/instamart/category-listing?categoryName=Meat+and+Seafood&custom_back=true&filterId=67adb28fc38ee700010bf801&storeId=1135721&taxonomyType=Speciality+taxonomy+1
Frozen Food,https://www.swiggy.com/instamart/category-listing?categoryName=Meat+and+Seafood&custom_back=true&filterId=67adb924adfce9000164b304&storeId=1135721&taxonomyType=Speciality+taxonomy+1
Eggs,https://www.swiggy.com/instamart/category-listing?categoryName=Meat+and+Seafood&custom_back=true&filterId=67adb279adfce9000164b303&storeId=1135721&taxonomyType=Speciality+taxonomy+1
Cold Cuts,https://www.swiggy.com/instamart/category-listing?categoryName=Meat+and+Seafood&custom_back=true&filterId=67adb261adfce9000164b302&storeId=1135721&taxonomyType=Speciality+taxonomy+1
Masalas,https://www.swiggy.com/instamart/category-listing?categoryName=Meat+and+Seafood&custom_back=true&filterId=67adbc0fc51cb000011dcb1d&storeId=1135721&taxonomyType=Speciality+taxonomy+1
Paste and Spreads,https://www.swiggy.com/instamart/category-listing?categoryName=Meat+and+Seafood&custom_back=true&filterId=67adbddee76f100001151f96&storeId=1135721&taxonomyType=Speciality+taxonomy+1
Plant Based Meat,https://www.swiggy.com/instamart/category-listing?categoryName=Meat+and+Seafood&custom_back=true&filterId=67adbe20c51cb000011dcb1f&storeId=1135721&taxonomyType=Speciality+taxonomy+1
,
SNACKS & DRINKS,
,
Chips and Namkeens,
Bestsellers,https://www.swiggy.com/instamart/category-listing?categoryName=Chips+and+Namkeens&custom_back=true&taxonomyType=Speciality+taxonomy+3
Chips and Crisps,https://www.swiggy.com/instamart/category-listing?categoryName=Chips+and+Namkeens&custom_back=true&filterId=65ed48c5e0c0d90001a7bca5&storeId=1135721&taxonomyType=Speciality+taxonomy+3
Nachos,https://www.swiggy.com/instamart/category-listing?categoryName=Chips+and+Namkeens&custom_back=true&filterId=65ed497b7cb0200001153d7f&storeId=1135721&taxonomyType=Speciality+taxonomy+3
Puffs and Crunchies,https://www.swiggy.com/instamart/category-listing?categoryName=Chips+and+Namkeens&custom_back=true&filterId=65ed497b7cb0200001153d80&storeId=1135721&taxonomyType=Speciality+taxonomy+3
Newly Added,https://www.swiggy.com/instamart/category-listing?categoryName=Chips+and+Namkeens&custom_back=true&filterId=65ed4f0b9ac4d600018f1154&storeId=1135721&taxonomyType=Speciality+taxonomy+3
Bhujia and Namkeens,https://www.swiggy.com/instamart/category-listing?categoryName=Chips+and+Namkeens&custom_back=true&filterId=65ed4a54e0c0d90001a7bca6&storeId=1135721&taxonomyType=Speciality+taxonomy+3
Nuts and Makhana,https://www.swiggy.com/instamart/category-listing?categoryName=Chips+and+Namkeens&custom_back=true&filterId=65ed4bb2e0c0d90001a7bca9&storeId=1135721&taxonomyType=Speciality+taxonomy+3
Indian Snacks,https://www.swiggy.com/instamart/category-listing?categoryName=Chips+and+Namkeens&custom_back=true&filterId=65ed4c0ae0c0d90001a7bcaa&storeId=1135721&taxonomyType=Speciality+taxonomy+3
Popcorn,https://www.swiggy.com/instamart/category-listing?categoryName=Chips+and+Namkeens&custom_back=true&filterId=65ed4da27cb0200001153d84&storeId=1135721&taxonomyType=Speciality+taxonomy+3
Gift Hampers,https://www.swiggy.com/instamart/category-listing?categoryName=Chips+and+Namkeens&custom_back=true&filterId=671a209411fa51000159d573&storeId=1135721&taxonomyType=Speciality+taxonomy+3
Healthy Snacking,https://www.swiggy.com/instamart/category-listing?categoryName=Chips+and+Namkeens&custom_back=true&filterId=65ed4dea7cb0200001153d85&storeId=1135721&taxonomyType=Speciality+taxonomy+3
Protein Chips,https://www.swiggy.com/instamart/category-listing?categoryName=Chips+and+Namkeens&custom_back=true&filterId=65ed4e8608159f0001252830&storeId=1135721&taxonomyType=Speciality+taxonomy+3
Snack Bars,https://www.swiggy.com/instamart/category-listing?categoryName=Chips+and+Namkeens&custom_back=true&filterId=6666a8a07cb02000011547ae&storeId=1135721&taxonomyType=Speciality+taxonomy+3
Party Packs,https://www.swiggy.com/instamart/category-listing?categoryName=Chips+and+Namkeens&custom_back=true&filterId=65ed4ea67cb0200001153d87&storeId=1135721&taxonomyType=Speciality+taxonomy+3
,
Ice Cream and Frozen Desserts,
Tubs & Party Packs,https://www.swiggy.com/instamart/category-listing?categoryName=Ice+Cream+and+Frozen+Desserts&custom_back=true&taxonomyType=Speciality+taxonomy+3
Cones,https://www.swiggy.com/instamart/category-listing?categoryName=Ice+Cream+and+Frozen+Desserts&custom_back=true&filterId=65eecb1fe0c0d90001a7bcc5&storeId=1135721&taxonomyType=Speciality+taxonomy+3
Sticks,https://www.swiggy.com/instamart/category-listing?categoryName=Ice+Cream+and+Frozen+Desserts&custom_back=true&filterId=65eecbef9ac4d600018f116c&storeId=1135721&taxonomyType=Speciality+taxonomy+3
Cakes & Sandwiches,https://www.swiggy.com/instamart/category-listing?categoryName=Ice+Cream+and+Frozen+Desserts&custom_back=true&filterId=65ed996a9ac4d600018f115b&storeId=1135721&taxonomyType=Speciality+taxonomy+3
Regional Favourites,https://www.swiggy.com/instamart/category-listing?categoryName=Ice+Cream+and+Frozen+Desserts&custom_back=true&filterId=6630be1508159f0001252e35&storeId=1135721&taxonomyType=Speciality+taxonomy+3
Cups ,https://www.swiggy.com/instamart/category-listing?categoryName=Ice+Cream+and+Frozen+Desserts&custom_back=true&filterId=65ed99cc08159f0001252837&storeId=1135721&taxonomyType=Speciality+taxonomy+3
Kulfi,https://www.swiggy.com/instamart/category-listing?categoryName=Ice+Cream+and+Frozen+Desserts&custom_back=true&filterId=65eecc459ac4d600018f116d&storeId=1135721&taxonomyType=Speciality+taxonomy+3
Premium,https://www.swiggy.com/instamart/category-listing?categoryName=Ice+Cream+and+Frozen+Desserts&custom_back=true&filterId=65f180517cb0200001153dd3&storeId=1135721&taxonomyType=Speciality+taxonomy+3
Guiltfree,https://www.swiggy.com/instamart/category-listing?categoryName=Ice+Cream+and+Frozen+Desserts&custom_back=true&filterId=65f17f847cb0200001153dd2&storeId=1135721&taxonomyType=Speciality+taxonomy+3
,
Chocolates and Sweets,
Bestsellers,https://www.swiggy.com/instamart/category-listing?categoryName=Chocolates+and+Sweets&custom_back=true&taxonomyType=Speciality+taxonomy+3
Gift Hampers,https://www.swiggy.com/instamart/category-listing?categoryName=Chocolates+and+Sweets&custom_back=true&filterId=671a1f8062d3320001fbd224&storeId=1135721&taxonomyType=Speciality+taxonomy+3
Chocolates,https://www.swiggy.com/instamart/category-listing?categoryName=Chocolates+and+Sweets&custom_back=true&filterId=65eecd407cb0200001153d9c&storeId=1135721&taxonomyType=Speciality+taxonomy+3
Kaju Katli & Burfis,https://www.swiggy.com/instamart/category-listing?categoryName=Chocolates+and+Sweets&custom_back=true&filterId=671a1fb211fa51000159d572&storeId=1135721&taxonomyType=Speciality+taxonomy+3
Shared Packs,https://www.swiggy.com/instamart/category-listing?categoryName=Chocolates+and+Sweets&custom_back=true&filterId=65eecdade0c0d90001a7bcc7&storeId=1135721&taxonomyType=Speciality+taxonomy+3
Rasgulla & Gulab Jamun,https://www.swiggy.com/instamart/category-listing?categoryName=Chocolates+and+Sweets&custom_back=true&filterId=671a1fc37cb02000011553a3&storeId=1135721&taxonomyType=Speciality+taxonomy+3
Dark Chocolates,https://www.swiggy.com/instamart/category-listing?categoryName=Chocolates+and+Sweets&custom_back=true&filterId=65eecfa57cb0200001153d9e&storeId=1135721&taxonomyType=Speciality+taxonomy+3
Ladoo & Pedha,https://www.swiggy.com/instamart/category-listing?categoryName=Chocolates+and+Sweets&custom_back=true&filterId=671a1fd062d3320001fbd225&storeId=1135721&taxonomyType=Speciality+taxonomy+3
Imported Chocolates,https://www.swiggy.com/instamart/category-listing?categoryName=Chocolates+and+Sweets&custom_back=true&filterId=66a3350d73e17f0001eafe66&storeId=1135721&taxonomyType=Speciality+taxonomy+3
Chikkis & Other,https://www.swiggy.com/instamart/category-listing?categoryName=Chocolates+and+Sweets&custom_back=true&filterId=671a1fe762d3320001fbd226&storeId=1135721&taxonomyType=Speciality+taxonomy+3
Energy Bars,https://www.swiggy.com/instamart/category-listing?categoryName=Chocolates+and+Sweets&custom_back=true&filterId=6666a8c67cb02000011547b0&storeId=1135721&taxonomyType=Speciality+taxonomy+3
Candies & Gums,https://www.swiggy.com/instamart/category-listing?categoryName=Chocolates+and+Sweets&custom_back=true&filterId=65eed00408159f0001252849&storeId=1135721&taxonomyType=Speciality+taxonomy+3
Baking and Dessert Mix,https://www.swiggy.com/instamart/category-listing?categoryName=Chocolates+and+Sweets&custom_back=true&filterId=65eed0667cb0200001153d9f&storeId=1135721&taxonomyType=Speciality+taxonomy+3
Cookies and Cakes,https://www.swiggy.com/instamart/category-listing?categoryName=Chocolates+and+Sweets&custom_back=true&filterId=65eed283e0c0d90001a7bcc9&storeId=1135721&taxonomyType=Speciality+taxonomy+3
,
Cold Drinks and Juices,
Soft Drinks,https://www.swiggy.com/instamart/category-listing?categoryName=Cold+Drinks+and+Juices&custom_back=true&taxonomyType=Speciality+taxonomy+3
Energy Drinks,https://www.swiggy.com/instamart/category-listing?categoryName=Cold+Drinks+and+Juices&custom_back=true&filterId=65ed6419e0c0d90001a7bcb0&storeId=1135721&taxonomyType=Speciality+taxonomy+3
Juices and Fruit Drinks,https://www.swiggy.com/instamart/category-listing?categoryName=Cold+Drinks+and+Juices&custom_back=true&filterId=65ed649e08159f0001252832&storeId=1135721&taxonomyType=Speciality+taxonomy+3
Soda and Mixers,https://www.swiggy.com/instamart/category-listing?categoryName=Cold+Drinks+and+Juices&custom_back=true&filterId=65ed654708159f0001252833&storeId=1135721&taxonomyType=Speciality+taxonomy+3
Coconut Water,https://www.swiggy.com/instamart/category-listing?categoryName=Cold+Drinks+and+Juices&custom_back=true&filterId=67b58b59df43fb00011f0a73&storeId=1135721&taxonomyType=Speciality+taxonomy+3
Hydration ,https://www.swiggy.com/instamart/category-listing?categoryName=Cold+Drinks+and+Juices&custom_back=true&filterId=67500b3e07f34e0001d20ac6&storeId=1135721&taxonomyType=Speciality+taxonomy+3
Water and Ice Cubes,https://www.swiggy.com/instamart/category-listing?categoryName=Cold+Drinks+and+Juices&custom_back=true&filterId=65ed660a08159f0001252834&storeId=1135721&taxonomyType=Speciality+taxonomy+3
Ice Tea & Cold Coffee,https://www.swiggy.com/instamart/category-listing?categoryName=Cold+Drinks+and+Juices&custom_back=true&filterId=65ed6958e0c0d90001a7bcb2&storeId=1135721&taxonomyType=Speciality+taxonomy+3
Non Alcoholic Beverages,https://www.swiggy.com/instamart/category-listing?categoryName=Cold+Drinks+and+Juices&custom_back=true&filterId=65ed697e08159f0001252835&storeId=1135721&taxonomyType=Speciality+taxonomy+3
Milk Based Drinks,https://www.swiggy.com/instamart/category-listing?categoryName=Cold+Drinks+and+Juices&custom_back=true&filterId=65ed668f7cb0200001153d8d&storeId=1135721&taxonomyType=Speciality+taxonomy+3
Instant Drink Mixes,https://www.swiggy.com/instamart/category-listing?categoryName=Cold+Drinks+and+Juices&custom_back=true&filterId=65ed67df7cb0200001153d8e&storeId=1135721&taxonomyType=Speciality+taxonomy+3
,
"Noodles, Pasta, Vermi",
Instant Noodles,https://www.swiggy.com/instamart/category-listing?categoryName=Noodles%2C+Pasta%2C+Vermi&custom_back=true&taxonomyType=Speciality+taxonomy+3
Cup Noodles,https://www.swiggy.com/instamart/category-listing?categoryName=Noodles%2C+Pasta%2C+Vermi&custom_back=true&filterId=65ead3dd7cb0200001153d3a&storeId=1135721&taxonomyType=Speciality+taxonomy+3
Korean Noodles,https://www.swiggy.com/instamart/category-listing?categoryName=Noodles%2C+Pasta%2C+Vermi&custom_back=true&filterId=65ead51c7cb0200001153d3c&storeId=1135721&taxonomyType=Speciality+taxonomy+3
Hakka Noodles,https://www.swiggy.com/instamart/category-listing?categoryName=Noodles%2C+Pasta%2C+Vermi&custom_back=true&filterId=65eec3bde0c0d90001a7bcc3&storeId=1135721&taxonomyType=Speciality+taxonomy+3
Newly Added,https://www.swiggy.com/instamart/category-listing?categoryName=Noodles%2C+Pasta%2C+Vermi&custom_back=true&filterId=673f0cf1a7aaa50001ecd04a&storeId=1135721&taxonomyType=Speciality+taxonomy+3
Cooking Pasta,https://www.swiggy.com/instamart/category-listing?categoryName=Noodles%2C+Pasta%2C+Vermi&custom_back=true&filterId=65ed42a47cb0200001153d7c&storeId=1135721&taxonomyType=Speciality+taxonomy+3
Instant Pasta,https://www.swiggy.com/instamart/category-listing?categoryName=Noodles%2C+Pasta%2C+Vermi&custom_back=true&filterId=65eec86ee0c0d90001a7bcc4&storeId=1135721&taxonomyType=Speciality+taxonomy+3
Vermicelli,https://www.swiggy.com/instamart/category-listing?categoryName=Noodles%2C+Pasta%2C+Vermi&custom_back=true&filterId=65ed433308159f0001252827&storeId=1135721&taxonomyType=Speciality+taxonomy+3
Soups,https://www.swiggy.com/instamart/category-listing?categoryName=Noodles%2C+Pasta%2C+Vermi&custom_back=true&filterId=65ed42fc9ac4d600018f114e&storeId=1135721&taxonomyType=Speciality+taxonomy+3
Ready to eat,https://www.swiggy.com/instamart/category-listing?categoryName=Noodles%2C+Pasta%2C+Vermi&custom_back=true&filterId=65f2915af7d6fc0001dea01f&storeId=1135721&taxonomyType=Speciality+taxonomy+3
Instant Oats,https://www.swiggy.com/instamart/category-listing?categoryName=Noodles%2C+Pasta%2C+Vermi&custom_back=true&filterId=66a76cdf73e17f0001eafec5&storeId=1135721&taxonomyType=Speciality+taxonomy+3
,
Frozen Food,
Veg Frozen Snacks,https://www.swiggy.com/instamart/category-listing?categoryName=Frozen+Food&custom_back=true&taxonomyType=Speciality+taxonomy+3
Non Veg Frozen Snacks,https://www.swiggy.com/instamart/category-listing?categoryName=Frozen+Food&custom_back=true&filterId=65eda8ec9ac4d600018f115f&storeId=1135721&taxonomyType=Speciality+taxonomy+3
Cold Cuts,https://www.swiggy.com/instamart/category-listing?categoryName=Frozen+Food&custom_back=true&filterId=65eda83a9ac4d600018f115d&storeId=1135721&taxonomyType=Speciality+taxonomy+3
Kebabs,https://www.swiggy.com/instamart/category-listing?categoryName=Frozen+Food&custom_back=true&filterId=65eda8a99ac4d600018f115e&storeId=1135721&taxonomyType=Speciality+taxonomy+3
"Roti, Paranthas & Sheets",https://www.swiggy.com/instamart/category-listing?categoryName=Frozen+Food&custom_back=true&filterId=65eda97d08159f0001252839&storeId=1135721&taxonomyType=Speciality+taxonomy+3
Frozen Vegetables,https://www.swiggy.com/instamart/category-listing?categoryName=Frozen+Food&custom_back=true&filterId=65eda8757cb0200001153d91&storeId=1135721&taxonomyType=Speciality+taxonomy+3
Momos & Baos,https://www.swiggy.com/instamart/category-listing?categoryName=Frozen+Food&custom_back=true&filterId=65eed56f08159f000125284a&storeId=1135721&taxonomyType=Speciality+taxonomy+3
,
Sauces and Spreads,
Peanut Butters,https://www.swiggy.com/instamart/category-listing?categoryName=Sauces+and+Spreads&custom_back=true&taxonomyType=Speciality+taxonomy+3
Chocolate Spreads,https://www.swiggy.com/instamart/category-listing?categoryName=Sauces+and+Spreads&custom_back=true&filterId=65ed603b7cb0200001153d8a&storeId=1135721&taxonomyType=Speciality+taxonomy+3
Honey and Cider Vinegar,https://www.swiggy.com/instamart/category-listing?categoryName=Sauces+and+Spreads&custom_back=true&filterId=671226d77cb02000011552c1&storeId=1135721&taxonomyType=Speciality+taxonomy+3
Mayo and Spreads,https://www.swiggy.com/instamart/category-listing?categoryName=Sauces+and+Spreads&custom_back=true&filterId=670f81887cb0200001155227&storeId=1135721&taxonomyType=Speciality+taxonomy+3
Tomato Ketchup,https://www.swiggy.com/instamart/category-listing?categoryName=Sauces+and+Spreads&custom_back=true&filterId=65ed5f6a9ac4d600018f1156&storeId=1135721&taxonomyType=Speciality+taxonomy+3
Asian Sauces,https://www.swiggy.com/instamart/category-listing?categoryName=Sauces+and+Spreads&custom_back=true&filterId=65ed60e37cb0200001153d8c&storeId=1135721&taxonomyType=Speciality+taxonomy+3
Cooking Sauces,https://www.swiggy.com/instamart/category-listing?categoryName=Sauces+and+Spreads&custom_back=true&filterId=65ed60c47cb0200001153d8b&storeId=1135721&taxonomyType=Speciality+taxonomy+3
Newly Added,https://www.swiggy.com/instamart/category-listing?categoryName=Sauces+and+Spreads&custom_back=true&filterId=673f0d06dbe92600018a9314&storeId=1135721&taxonomyType=Speciality+taxonomy+3
Dips & Dressing,https://www.swiggy.com/instamart/category-listing?categoryName=Sauces+and+Spreads&custom_back=true&filterId=670e49ec28e03100011a8703&storeId=1135721&taxonomyType=Speciality+taxonomy+3
Jams,https://www.swiggy.com/instamart/category-listing?categoryName=Sauces+and+Spreads&custom_back=true&filterId=65ed612ae0c0d90001a7bcae&storeId=1135721&taxonomyType=Speciality+taxonomy+3
,
Paan Corner,
Regular Cigarettes,https://www.swiggy.com/instamart/category-listing?categoryName=Paan+Corner&custom_back=true&taxonomyType=Speciality+taxonomy+3
Flavour Cigarettes,https://www.swiggy.com/instamart/category-listing?categoryName=Paan+Corner&custom_back=true&filterId=65f7ecfff7d6fc0001dea061&storeId=1135721&taxonomyType=Speciality+taxonomy+3
Smoking Accessories,https://www.swiggy.com/instamart/category-listing?categoryName=Paan+Corner&custom_back=true&filterId=65edab3e08159f000125283a&storeId=1135721&taxonomyType=Speciality+taxonomy+3
Hookah Needs,https://www.swiggy.com/instamart/category-listing?categoryName=Paan+Corner&custom_back=true&filterId=65eed91e7cb0200001153da1&storeId=1135721&taxonomyType=Speciality+taxonomy+3
Nicotine Alternatives,https://www.swiggy.com/instamart/category-listing?categoryName=Paan+Corner&custom_back=true&filterId=65eedaea08159f000125284c&storeId=1135721&taxonomyType=Speciality+taxonomy+3
Paan and Mouth Fresheners,https://www.swiggy.com/instamart/category-listing?categoryName=Paan+Corner&custom_back=true&filterId=65eedb857cb0200001153da2&storeId=1135721&taxonomyType=Speciality+taxonomy+3
,
BEAUTY & WELLNESS,
,
"Bath, Body and Oral Care",
Soaps,https://www.swiggy.com/instamart/category-listing?categoryName=Bath%2C+Body+and+Oral+Care&custom_back=true&taxonomyType=Supermarket
Shower Gels and Body Wash,https://www.swiggy.com/instamart/category-listing?categoryName=Bath%2C+Body+and+Oral+Care&custom_back=true&filterId=67b02a1cc38ee700010bf825&storeId=1135721&taxonomyType=Supermarket
Body Lotion ,https://www.swiggy.com/instamart/category-listing?categoryName=Bath%2C+Body+and+Oral+Care&custom_back=true&filterId=67b0289004a51c00015ba3c1&storeId=1135721&taxonomyType=Supermarket
Body Scrub,https://www.swiggy.com/instamart/category-listing?categoryName=Bath%2C+Body+and+Oral+Care&custom_back=true&filterId=67b028eec38ee700010bf822&storeId=1135721&taxonomyType=Supermarket
Toothpaste,https://www.swiggy.com/instamart/category-listing?categoryName=Bath%2C+Body+and+Oral+Care&custom_back=true&filterId=67b02b19ac8dde000106780e&storeId=1135721&taxonomyType=Supermarket
Toothbrushes,https://www.swiggy.com/instamart/category-listing?categoryName=Bath%2C+Body+and+Oral+Care&custom_back=true&filterId=67b02a7bac8dde000106780d&storeId=1135721&taxonomyType=Supermarket
Mouthwash,https://www.swiggy.com/instamart/category-listing?categoryName=Bath%2C+Body+and+Oral+Care&custom_back=true&filterId=67b0297c8f92270001fad41a&storeId=1135721&taxonomyType=Supermarket
Oral Care Accessories,https://www.swiggy.com/instamart/category-listing?categoryName=Bath%2C+Body+and+Oral+Care&custom_back=true&filterId=67b029b98f92270001fad41b&storeId=1135721&taxonomyType=Supermarket
Talcs,https://www.swiggy.com/instamart/category-listing?categoryName=Bath%2C+Body+and+Oral+Care&custom_back=true&filterId=67b02a43c38ee700010bf826&storeId=1135721&taxonomyType=Supermarket
Shampoo & Conditioner,https://www.swiggy.com/instamart/category-listing?categoryName=Bath%2C+Body+and+Oral+Care&custom_back=true&filterId=67b029e0c38ee700010bf824&storeId=1135721&taxonomyType=Supermarket
Newly Added,https://www.swiggy.com/instamart/category-listing?categoryName=Bath%2C+Body+and+Oral+Care&custom_back=true&filterId=67b86771768a0b0001dfb89d&storeId=1135721&taxonomyType=Supermarket
Face Wash,https://www.swiggy.com/instamart/category-listing?categoryName=Bath%2C+Body+and+Oral+Care&custom_back=true&filterId=67b0294a04a51c00015ba3c2&storeId=1135721&taxonomyType=Supermarket
,
Hair Care,
Shampoo,https://www.swiggy.com/instamart/category-listing?categoryName=Hair+Care&custom_back=true&taxonomyType=Supermarket
Hair Oils and Serums,https://www.swiggy.com/instamart/category-listing?categoryName=Hair+Care&custom_back=true&filterId=67b03487c38ee700010bf832&storeId=1135721&taxonomyType=Supermarket
Conditioners & Masks,https://www.swiggy.com/instamart/category-listing?categoryName=Hair+Care&custom_back=true&filterId=67b033b8c38ee700010bf831&storeId=1135721&taxonomyType=Supermarket
Hair Colour,https://www.swiggy.com/instamart/category-listing?categoryName=Hair+Care&custom_back=true&filterId=67b03420ac8dde0001067817&storeId=1135721&taxonomyType=Supermarket
Hair Styling Gels & Creams,https://www.swiggy.com/instamart/category-listing?categoryName=Hair+Care&custom_back=true&filterId=67b034ef8f92270001fad426&storeId=1135721&taxonomyType=Supermarket
Combs & Brushes,https://www.swiggy.com/instamart/category-listing?categoryName=Hair+Care&custom_back=true&filterId=67b0337cac8dde0001067816&storeId=1135721&taxonomyType=Supermarket
Hair Dryers and Stylers,https://www.swiggy.com/instamart/category-listing?categoryName=Hair+Care&custom_back=true&filterId=67b0346b04a51c00015ba3c9&storeId=1135721&taxonomyType=Supermarket
Newly Added,https://www.swiggy.com/instamart/category-listing?categoryName=Hair+Care&custom_back=true&filterId=67b867d4b3a94c000165d2c5&storeId=1135721&taxonomyType=Supermarket
,
Skincare,
Face Wash and Scrubs,https://www.swiggy.com/instamart/category-listing?categoryName=Skincare&custom_back=true&taxonomyType=Supermarket
Masks & Cleansers,https://www.swiggy.com/instamart/category-listing?categoryName=Skincare&custom_back=true&filterId=678e0ea3b256960001c6855b&storeId=1135721&taxonomyType=Supermarket
"Serums, Toners",https://www.swiggy.com/instamart/category-listing?categoryName=Skincare&custom_back=true&filterId=678e0efa3e249c0001bc4040&storeId=1135721&taxonomyType=Supermarket
Creams & Moisturizers,https://www.swiggy.com/instamart/category-listing?categoryName=Skincare&custom_back=true&filterId=678e0e28b256960001c68559&storeId=1135721&taxonomyType=Supermarket
Sunscreen,https://www.swiggy.com/instamart/category-listing?categoryName=Skincare&custom_back=true&filterId=678e0f1d3e249c0001bc4042&storeId=1135721&taxonomyType=Supermarket
Body Lotions,https://www.swiggy.com/instamart/category-listing?categoryName=Skincare&custom_back=true&filterId=678e0d11b256960001c68557&storeId=1135721&taxonomyType=Supermarket
Newly Added,https://www.swiggy.com/instamart/category-listing?categoryName=Skincare&custom_back=true&filterId=67b8683280886b0001337f82&storeId=1135721&taxonomyType=Supermarket
,
Makeup,
Lips,https://www.swiggy.com/instamart/category-listing?categoryName=Makeup&custom_back=true&taxonomyType=Supermarket
Eyes,https://www.swiggy.com/instamart/category-listing?categoryName=Makeup&custom_back=true&filterId=678e0b8f6d33590001d28498&storeId=1135721&taxonomyType=Supermarket
Face,https://www.swiggy.com/instamart/category-listing?categoryName=Makeup&custom_back=true&filterId=678e0bba85f8990001ad95e9&storeId=1135721&taxonomyType=Supermarket
Nails,https://www.swiggy.com/instamart/category-listing?categoryName=Makeup&custom_back=true&filterId=678e0bd9b256960001c68555&storeId=1135721&taxonomyType=Supermarket
Tools & Brushes,https://www.swiggy.com/instamart/category-listing?categoryName=Makeup&custom_back=true&filterId=678e0be7b256960001c68556&storeId=1135721&taxonomyType=Supermarket
Newly Added,https://www.swiggy.com/instamart/category-listing?categoryName=Makeup&custom_back=true&filterId=67b86867768a0b0001dfb89e&storeId=1135721&taxonomyType=Supermarket
,
Health and Sexual Wellness,
"Could, Cold & Fever",https://www.swiggy.com/instamart/category-listing?categoryName=Health+and+Sexual+Wellness&custom_back=true&taxonomyType=Supermarket
Wound Care & Pain Relief,https://www.swiggy.com/instamart/category-listing?categoryName=Health+and+Sexual+Wellness&custom_back=true&filterId=67beb58f38812d000132bb94&storeId=1135721&taxonomyType=Supermarket
Daily Wellness,https://www.swiggy.com/instamart/category-listing?categoryName=Health+and+Sexual+Wellness&custom_back=true&filterId=67beb5d3cbdf46000157bf38&storeId=1135721&taxonomyType=Supermarket
Protein & Sports Nutrition,https://www.swiggy.com/instamart/category-listing?categoryName=Health+and+Sexual+Wellness&custom_back=true&filterId=67beb618a2a9940001677765&storeId=1135721&taxonomyType=Supermarket
Digestive Care,https://www.swiggy.com/instamart/category-listing?categoryName=Health+and+Sexual+Wellness&custom_back=true&filterId=67beb653feaf2f00012453c1&storeId=1135721&taxonomyType=Supermarket
Boosters,https://www.swiggy.com/instamart/category-listing?categoryName=Health+and+Sexual+Wellness&custom_back=true&filterId=67beb6bf38812d000132bb95&storeId=1135721&taxonomyType=Supermarket
Condoms,https://www.swiggy.com/instamart/category-listing?categoryName=Health+and+Sexual+Wellness&custom_back=true&filterId=67b0354804a51c00015ba3ca&storeId=1135721&taxonomyType=Supermarket
Lubricants,https://www.swiggy.com/instamart/category-listing?categoryName=Health+and+Sexual+Wellness&custom_back=true&filterId=67b0355cc38ee700010bf833&storeId=1135721&taxonomyType=Supermarket
Massagers,https://www.swiggy.com/instamart/category-listing?categoryName=Health+and+Sexual+Wellness&custom_back=true&filterId=67b0359b8f92270001fad429&storeId=1135721&taxonomyType=Supermarket
Sexual Enhancers,https://www.swiggy.com/instamart/category-listing?categoryName=Health+and+Sexual+Wellness&custom_back=true&filterId=67b035b08f92270001fad42a&storeId=1135721&taxonomyType=Supermarket
Pregnancy Test Kit,https://www.swiggy.com/instamart/category-listing?categoryName=Health+and+Sexual+Wellness&custom_back=true&filterId=67beb74ecbdf46000157bf39&storeId=1135721&taxonomyType=Supermarket
Medical Devices,https://www.swiggy.com/instamart/category-listing?categoryName=Health+and+Sexual+Wellness&custom_back=true&filterId=67beb797a2a9940001677766&storeId=1135721&taxonomyType=Supermarket
Masks & Sanitizers,https://www.swiggy.com/instamart/category-listing?categoryName=Health+and+Sexual+Wellness&custom_back=true&filterId=67beb7d3feaf2f00012453c2&storeId=1135721&taxonomyType=Supermarket
,
Feminine Hygiene,
Sanitary Pads,https://www.swiggy.com/instamart/category-listing?categoryName=Feminine+Hygiene&custom_back=true&taxonomyType=Supermarket
Period Panties and Liners,https://www.swiggy.com/instamart/category-listing?categoryName=Feminine+Hygiene&custom_back=true&filterId=67b03211ac8dde0001067813&storeId=1135721&taxonomyType=Supermarket
Hair Removal,https://www.swiggy.com/instamart/category-listing?categoryName=Feminine+Hygiene&custom_back=true&filterId=67b02bc88f92270001fad41d&storeId=1135721&taxonomyType=Supermarket
Mentrual Cups and Tampons,https://www.swiggy.com/instamart/category-listing?categoryName=Feminine+Hygiene&custom_back=true&filterId=67b03101ac8dde0001067812&storeId=1135721&taxonomyType=Supermarket
Intimate Wipes and Wash,https://www.swiggy.com/instamart/category-listing?categoryName=Feminine+Hygiene&custom_back=true&filterId=67b02bf08f92270001fad41e&storeId=1135721&taxonomyType=Supermarket
Disposal Bags and Cramp Relief,https://www.swiggy.com/instamart/category-listing?categoryName=Feminine+Hygiene&custom_back=true&filterId=67b02bb5ac8dde000106780f&storeId=1135721&taxonomyType=Supermarket
,
Baby Care,
Baby Diapers,https://www.swiggy.com/instamart/category-listing?categoryName=Baby+Care&custom_back=true&taxonomyType=Supermarket
Baby Food and Formula,https://www.swiggy.com/instamart/category-listing?categoryName=Baby+Care&custom_back=true&filterId=67b02499ac8dde000106780c&storeId=1135721&taxonomyType=Supermarket
Baby Bathing,https://www.swiggy.com/instamart/category-listing?categoryName=Baby+Care&custom_back=true&filterId=67b023b3c38ee700010bf81f&storeId=1135721&taxonomyType=Supermarket
Baby Wipes,https://www.swiggy.com/instamart/category-listing?categoryName=Baby+Care&custom_back=true&filterId=67b0266504a51c00015ba3bd&storeId=1135721&taxonomyType=Supermarket
Baby Cream & Lotions,https://www.swiggy.com/instamart/category-listing?categoryName=Baby+Care&custom_back=true&filterId=67b31afaa802f00001e3c571&storeId=1135721&taxonomyType=Supermarket
Newly Added,https://www.swiggy.com/instamart/category-listing?categoryName=Baby+Care&custom_back=true&filterId=67b8691380886b0001337f83&storeId=1135721&taxonomyType=Supermarket
Baby Oral Care,https://www.swiggy.com/instamart/category-listing?categoryName=Baby+Care&custom_back=true&filterId=67b026378f92270001fad418&storeId=1135721&taxonomyType=Supermarket
Baby Oil and Talc,https://www.swiggy.com/instamart/category-listing?categoryName=Baby+Care&custom_back=true&filterId=67b025dec38ee700010bf820&storeId=1135721&taxonomyType=Supermarket
Baby Pharma,https://www.swiggy.com/instamart/category-listing?categoryName=Baby+Care&custom_back=true&filterId=67b0264e04a51c00015ba3bc&storeId=1135721&taxonomyType=Supermarket
Feeding and Teething Needs,https://www.swiggy.com/instamart/category-listing?categoryName=Baby+Care&custom_back=true&filterId=67b0268c04a51c00015ba3be&storeId=1135721&taxonomyType=Supermarket
Books and Toys,https://www.swiggy.com/instamart/category-listing?categoryName=Baby+Care&custom_back=true&filterId=67c347a807feb5000170c2d0&storeId=1135721&taxonomyType=Supermarket
Baby Hygiene,https://www.swiggy.com/instamart/category-listing?categoryName=Baby+Care&custom_back=true&filterId=67c305ce07feb5000170c2ce&storeId=1135721&taxonomyType=Supermarket
Clothes & Accessories,https://www.swiggy.com/instamart/category-listing?categoryName=Baby+Care&custom_back=true&filterId=67c30648f9045700017fdd70&storeId=1135721&taxonomyType=Supermarket
Travel Needs & Baby Gears,https://www.swiggy.com/instamart/category-listing?categoryName=Baby+Care&custom_back=true&filterId=67c306bf07feb5000170c2cf&storeId=1135721&taxonomyType=Supermarket
Gifts & More,https://www.swiggy.com/instamart/category-listing?categoryName=Baby+Care&custom_back=true&filterId=67c3066c9369ee0001dc947d&storeId=1135721&taxonomyType=Supermarket
Mom Care,https://www.swiggy.com/instamart/category-listing?categoryName=Baby+Care&custom_back=true&filterId=67c30689f9045700017fdd71&storeId=1135721&taxonomyType=Supermarket
,
Grooming and Perfumes,
Men Perfume,https://www.swiggy.com/instamart/category-listing?categoryName=Grooming+and+Perfumes&custom_back=true&taxonomyType=Supermarket
Women Perfume,https://www.swiggy.com/instamart/category-listing?categoryName=Grooming+and+Perfumes&custom_back=true&filterId=678e0aa03e249c0001bc4032&storeId=1135721&taxonomyType=Supermarket
Men Deo,https://www.swiggy.com/instamart/category-listing?categoryName=Grooming+and+Perfumes&custom_back=true&filterId=678e07e63e249c0001bc402b&storeId=1135721&taxonomyType=Supermarket
Women Deo,https://www.swiggy.com/instamart/category-listing?categoryName=Grooming+and+Perfumes&custom_back=true&filterId=678e0ac385f8990001ad95e7&storeId=1135721&taxonomyType=Supermarket
Roll On,https://www.swiggy.com/instamart/category-listing?categoryName=Grooming+and+Perfumes&custom_back=true&filterId=678e09df85f8990001ad95e5&storeId=1135721&taxonomyType=Supermarket
Talc,https://www.swiggy.com/instamart/category-listing?categoryName=Grooming+and+Perfumes&custom_back=true&filterId=678e0a5585f8990001ad95e6&storeId=1135721&taxonomyType=Supermarket
Men's Shaving Catridges,https://www.swiggy.com/instamart/category-listing?categoryName=Grooming+and+Perfumes&custom_back=true&filterId=678e09d03e249c0001bc4030&storeId=1135721&taxonomyType=Supermarket
Men's Shaving Razor,https://www.swiggy.com/instamart/category-listing?categoryName=Grooming+and+Perfumes&custom_back=true&filterId=678e08243e249c0001bc402d&storeId=1135721&taxonomyType=Supermarket
Shaving Foam & Creams,https://www.swiggy.com/instamart/category-listing?categoryName=Grooming+and+Perfumes&custom_back=true&filterId=678e0a406d33590001d28496&storeId=1135721&taxonomyType=Supermarket
Shaving Brush and kit,https://www.swiggy.com/instamart/category-listing?categoryName=Grooming+and+Perfumes&custom_back=true&filterId=678e09ff3e249c0001bc4031&storeId=1135721&taxonomyType=Supermarket
After Shave,https://www.swiggy.com/instamart/category-listing?categoryName=Grooming+and+Perfumes&custom_back=true&filterId=678e06f36d33590001d28494&storeId=1135721&taxonomyType=Supermarket
Men's Hair Removal,https://www.swiggy.com/instamart/category-listing?categoryName=Grooming+and+Perfumes&custom_back=true&filterId=678e09443e249c0001bc402f&storeId=1135721&taxonomyType=Supermarket
Hair Styling,https://www.swiggy.com/instamart/category-listing?categoryName=Grooming+and+Perfumes&custom_back=true&filterId=678e07b985f8990001ad95e4&storeId=1135721&taxonomyType=Supermarket
Beard Care & Styling,https://www.swiggy.com/instamart/category-listing?categoryName=Grooming+and+Perfumes&custom_back=true&filterId=678e071485f8990001ad95e3&storeId=1135721&taxonomyType=Supermarket
Women's Hair Removal Cream,https://www.swiggy.com/instamart/category-listing?categoryName=Grooming+and+Perfumes&custom_back=true&filterId=678e0ae83e249c0001bc4033&storeId=1135721&taxonomyType=Supermarket
Women's Hair Removal Spray,https://www.swiggy.com/instamart/category-listing?categoryName=Grooming+and+Perfumes&custom_back=true&filterId=678e0afcb256960001c68551&storeId=1135721&taxonomyType=Supermarket
Women's Razors,https://www.swiggy.com/instamart/category-listing?categoryName=Grooming+and+Perfumes&custom_back=true&filterId=678e0b2eb256960001c68553&storeId=1135721&taxonomyType=Supermarket
Women's Waxing,https://www.swiggy.com/instamart/category-listing?categoryName=Grooming+and+Perfumes&custom_back=true&filterId=678e0b553e249c0001bc4034&storeId=1135721&taxonomyType=Supermarket
Newly Added,https://www.swiggy.com/instamart/category-listing?categoryName=Grooming+and+Perfumes&custom_back=true&filterId=67b86955b3a94c000165d2c6&storeId=1135721&taxonomyType=Supermarket
,
HOUSEHOLD & LIFESTYLE,
,
Home and Furnishing,
Bedsheets Towels Furnishing,https://www.swiggy.com/instamart/category-listing?categoryName=Home+and+Furnishing&custom_back=true&taxonomyType=Health+and+Wellness+Stores
Home Decor,https://www.swiggy.com/instamart/category-listing?categoryName=Home+and+Furnishing&custom_back=true&filterId=678b5925b256960001c6852d&storeId=1135721&taxonomyType=Health+and+Wellness+Stores
Storage & Oganizers,https://www.swiggy.com/instamart/category-listing?categoryName=Home+and+Furnishing&custom_back=true&filterId=678b5ba285f8990001ad95c1&storeId=1135721&taxonomyType=Health+and+Wellness+Stores
Tissues & Disposables,https://www.swiggy.com/instamart/category-listing?categoryName=Home+and+Furnishing&custom_back=true&filterId=678b5bc085f8990001ad95c2&storeId=1135721&taxonomyType=Health+and+Wellness+Stores
Cleaning Tools,https://www.swiggy.com/instamart/category-listing?categoryName=Home+and+Furnishing&custom_back=true&filterId=678b582f3e249c0001bc3ffd&storeId=1135721&taxonomyType=Health+and+Wellness+Stores
Party Dcor,https://www.swiggy.com/instamart/category-listing?categoryName=Home+and+Furnishing&custom_back=true&filterId=678b5a686d33590001d28470&storeId=1135721&taxonomyType=Health+and+Wellness+Stores
Air Fresheners,https://www.swiggy.com/instamart/category-listing?categoryName=Home+and+Furnishing&custom_back=true&filterId=678b54bbb256960001c6852c&storeId=1135721&taxonomyType=Health+and+Wellness+Stores
Gardening,https://www.swiggy.com/instamart/category-listing?categoryName=Home+and+Furnishing&custom_back=true&filterId=678b58633e249c0001bc3ffe&storeId=1135721&taxonomyType=Health+and+Wellness+Stores
Bathware & Laundry,https://www.swiggy.com/instamart/category-listing?categoryName=Home+and+Furnishing&custom_back=true&filterId=678b55ea85f8990001ad95bd&storeId=1135721&taxonomyType=Health+and+Wellness+Stores
Utility & Tools,https://www.swiggy.com/instamart/category-listing?categoryName=Home+and+Furnishing&custom_back=true&filterId=678b60cf3e249c0001bc4003&storeId=1135721&taxonomyType=Health+and+Wellness+Stores
Pooja Needs,https://www.swiggy.com/instamart/category-listing?categoryName=Home+and+Furnishing&custom_back=true&filterId=678b5a7c6d33590001d28471&storeId=1135721&taxonomyType=Health+and+Wellness+Stores
Home Appliances,https://www.swiggy.com/instamart/category-listing?categoryName=Home+and+Furnishing&custom_back=true&filterId=678b588c3e249c0001bc3fff&storeId=1135721&taxonomyType=Health+and+Wellness+Stores
Repelants,https://www.swiggy.com/instamart/category-listing?categoryName=Home+and+Furnishing&custom_back=true&filterId=678b5a93b256960001c6852f&storeId=1135721&taxonomyType=Health+and+Wellness+Stores
Sports & Gym,https://www.swiggy.com/instamart/category-listing?categoryName=Home+and+Furnishing&custom_back=true&filterId=678b5b113e249c0001bc4001&storeId=1135721&taxonomyType=Health+and+Wellness+Stores
Office Stationery ,https://www.swiggy.com/instamart/category-listing?categoryName=Home+and+Furnishing&custom_back=true&filterId=678b5a58b256960001c6852e&storeId=1135721&taxonomyType=Health+and+Wellness+Stores
Newly Added,https://www.swiggy.com/instamart/category-listing?categoryName=Home+and+Furnishing&custom_back=true&filterId=67b86a65768a0b0001dfb89f&storeId=1135721&taxonomyType=Health+and+Wellness+Stores
,
Kitchen and Dining,
Cookware,https://www.swiggy.com/instamart/category-listing?categoryName=Kitchen+and+Dining&custom_back=true&taxonomyType=Health+and+Wellness+Stores
Plates Bowls Crockery,https://www.swiggy.com/instamart/category-listing?categoryName=Kitchen+and+Dining&custom_back=true&filterId=678b65136d33590001d28478&storeId=1135721&taxonomyType=Health+and+Wellness+Stores
Cutlery & Ladies,https://www.swiggy.com/instamart/category-listing?categoryName=Kitchen+and+Dining&custom_back=true&filterId=678b62bbb256960001c68531&storeId=1135721&taxonomyType=Health+and+Wellness+Stores
Jars Containers Holders,https://www.swiggy.com/instamart/category-listing?categoryName=Kitchen+and+Dining&custom_back=true&filterId=678b63693e249c0001bc4007&storeId=1135721&taxonomyType=Health+and+Wellness+Stores
Bottles Flasks Tiffins,https://www.swiggy.com/instamart/category-listing?categoryName=Kitchen+and+Dining&custom_back=true&filterId=678b626cb256960001c68530&storeId=1135721&taxonomyType=Health+and+Wellness+Stores
Glasses Cups Mugs,https://www.swiggy.com/instamart/category-listing?categoryName=Kitchen+and+Dining&custom_back=true&filterId=678b63443e249c0001bc4006&storeId=1135721&taxonomyType=Health+and+Wellness+Stores
Barware,https://www.swiggy.com/instamart/category-listing?categoryName=Kitchen+and+Dining&custom_back=true&filterId=678b62213e249c0001bc4005&storeId=1135721&taxonomyType=Health+and+Wellness+Stores
Bakeware & BBQ,https://www.swiggy.com/instamart/category-listing?categoryName=Kitchen+and+Dining&custom_back=true&filterId=678b61cf6d33590001d28472&storeId=1135721&taxonomyType=Health+and+Wellness+Stores
Cutting Chopping Grating Peeling,https://www.swiggy.com/instamart/category-listing?categoryName=Kitchen+and+Dining&custom_back=true&filterId=678b62e085f8990001ad95c3&storeId=1135721&taxonomyType=Health+and+Wellness+Stores
Kitchen Tools,https://www.swiggy.com/instamart/category-listing?categoryName=Kitchen+and+Dining&custom_back=true&filterId=678b63b685f8990001ad95c4&storeId=1135721&taxonomyType=Health+and+Wellness+Stores
Kitchen Appliances,https://www.swiggy.com/instamart/category-listing?categoryName=Kitchen+and+Dining&custom_back=true&filterId=678b63976d33590001d28474&storeId=1135721&taxonomyType=Health+and+Wellness+Stores
Kitchen Cleaning,https://www.swiggy.com/instamart/category-listing?categoryName=Kitchen+and+Dining&custom_back=true&filterId=678b89c5b256960001c68540&storeId=1135721&taxonomyType=Health+and+Wellness+Stores
Newly Added,https://www.swiggy.com/instamart/category-listing?categoryName=Kitchen+and+Dining&custom_back=true&filterId=67b86ad99fcd2d0001f15d80&storeId=1135721&taxonomyType=Health+and+Wellness+Stores
,
Cleaning Essentials,
Detergent Powders & Bars,https://www.swiggy.com/instamart/category-listing?categoryName=Cleaning+Essentials&custom_back=true&taxonomyType=Health+and+Wellness+Stores
Detergent Liquids,https://www.swiggy.com/instamart/category-listing?categoryName=Cleaning+Essentials&custom_back=true&filterId=6789ffe86d33590001d2842c&storeId=1135721&taxonomyType=Health+and+Wellness+Stores
Fabric Softeners & Other Additives,https://www.swiggy.com/instamart/category-listing?categoryName=Cleaning+Essentials&custom_back=true&filterId=678a12a0a76c5000015e43da&storeId=1135721&taxonomyType=Health+and+Wellness+Stores
Brooms & Maps,https://www.swiggy.com/instamart/category-listing?categoryName=Cleaning+Essentials&custom_back=true&filterId=6789fa3785f8990001ad9585&storeId=1135721&taxonomyType=Health+and+Wellness+Stores
Floor Cleaner,https://www.swiggy.com/instamart/category-listing?categoryName=Cleaning+Essentials&custom_back=true&filterId=678a149e6d33590001d28448&storeId=1135721&taxonomyType=Health+and+Wellness+Stores
Newly Added,https://www.swiggy.com/instamart/category-listing?categoryName=Cleaning+Essentials&custom_back=true&filterId=67b86b2a9fcd2d0001f15d81&storeId=1135721&taxonomyType=Health+and+Wellness+Stores
Dustbins & Dustpans,https://www.swiggy.com/instamart/category-listing?categoryName=Cleaning+Essentials&custom_back=true&filterId=678e006cb256960001c6854b&storeId=1135721&taxonomyType=Health+and+Wellness+Stores
Utensil Cleaner,https://www.swiggy.com/instamart/category-listing?categoryName=Cleaning+Essentials&custom_back=true&filterId=678a1d2685f8990001ad95a5&storeId=1135721&taxonomyType=Health+and+Wellness+Stores
Kitchen Cleaning,https://www.swiggy.com/instamart/category-listing?categoryName=Cleaning+Essentials&custom_back=true&filterId=678a15213e249c0001bc3fdf&storeId=1135721&taxonomyType=Health+and+Wellness+Stores
Cleaning Cloth,https://www.swiggy.com/instamart/category-listing?categoryName=Cleaning+Essentials&custom_back=true&filterId=6789ff583e249c0001bc3fd3&storeId=1135721&taxonomyType=Health+and+Wellness+Stores
Toilet Cleaner,https://www.swiggy.com/instamart/category-listing?categoryName=Cleaning+Essentials&custom_back=true&filterId=678a1d033e249c0001bc3fe3&storeId=1135721&taxonomyType=Health+and+Wellness+Stores
Bathroom Cleaning,https://www.swiggy.com/instamart/category-listing?categoryName=Cleaning+Essentials&custom_back=true&filterId=6789f4e0a76c5000015e43c8&storeId=1135721&taxonomyType=Health+and+Wellness+Stores
Wipers,https://www.swiggy.com/instamart/category-listing?categoryName=Cleaning+Essentials&custom_back=true&filterId=678a1d52a76c5000015e43e2&storeId=1135721&taxonomyType=Health+and+Wellness+Stores
Glass and Surface Cleaners,https://www.swiggy.com/instamart/category-listing?categoryName=Cleaning+Essentials&custom_back=true&filterId=678a14c7a76c5000015e43df&storeId=1135721&taxonomyType=Health+and+Wellness+Stores
Sink & Carpet Brush,https://www.swiggy.com/instamart/category-listing?categoryName=Cleaning+Essentials&custom_back=true&filterId=678a1c9885f8990001ad95a4&storeId=1135721&taxonomyType=Health+and+Wellness+Stores
Others,https://www.swiggy.com/instamart/category-listing?categoryName=Cleaning+Essentials&custom_back=true&filterId=678a1c73a76c5000015e43e1&storeId=1135721&taxonomyType=Health+and+Wellness+Stores
Toxin Free Cleaners,https://www.swiggy.com/instamart/category-listing?categoryName=Cleaning+Essentials&custom_back=true&filterId=67b6b94fadac400001e5a538&storeId=1135721&taxonomyType=Health+and+Wellness+Stores
,
Fashion and Accessories,
Earrings,https://www.swiggy.com/instamart/category-listing?categoryName=Fashion+and+Accessories&custom_back=true&taxonomyType=Health+and+Wellness+Stores
Chains ad Necklace,https://www.swiggy.com/instamart/category-listing?categoryName=Fashion+and+Accessories&custom_back=true&filterId=678b667b3e249c0001bc400a&storeId=1135721&taxonomyType=Health+and+Wellness+Stores
Bracelets and Bangles,https://www.swiggy.com/instamart/category-listing?categoryName=Fashion+and+Accessories&custom_back=true&filterId=678b665eb256960001c68534&storeId=1135721&taxonomyType=Health+and+Wellness+Stores
Jewelry Sets and Gift Boxes,https://www.swiggy.com/instamart/category-listing?categoryName=Fashion+and+Accessories&custom_back=true&filterId=678b719c6d33590001d2847f&storeId=1135721&taxonomyType=Health+and+Wellness+Stores
Other Jewelry,https://www.swiggy.com/instamart/category-listing?categoryName=Fashion+and+Accessories&custom_back=true&filterId=678b72226d33590001d28481&storeId=1135721&taxonomyType=Health+and+Wellness+Stores
Hair Accessories and Others,https://www.swiggy.com/instamart/category-listing?categoryName=Fashion+and+Accessories&custom_back=true&filterId=678b70f23e249c0001bc4013&storeId=1135721&taxonomyType=Health+and+Wellness+Stores
Athleisure,https://www.swiggy.com/instamart/category-listing?categoryName=Fashion+and+Accessories&custom_back=true&filterId=678b65b36d33590001d28479&storeId=1135721&taxonomyType=Health+and+Wellness+Stores
Innerwear,https://www.swiggy.com/instamart/category-listing?categoryName=Fashion+and+Accessories&custom_back=true&filterId=678b71796d33590001d2847e&storeId=1135721&taxonomyType=Health+and+Wellness+Stores
Handkerchiefs & Socks,https://www.swiggy.com/instamart/category-listing?categoryName=Fashion+and+Accessories&custom_back=true&filterId=678b7142b256960001c6853b&storeId=1135721&taxonomyType=Health+and+Wellness+Stores
Ethnic Wear,https://www.swiggy.com/instamart/category-listing?categoryName=Fashion+and+Accessories&custom_back=true&filterId=678b66a53e249c0001bc400b&storeId=1135721&taxonomyType=Health+and+Wellness+Stores
Kids Clothing,https://www.swiggy.com/instamart/category-listing?categoryName=Fashion+and+Accessories&custom_back=true&filterId=678b71bb85f8990001ad95cf&storeId=1135721&taxonomyType=Health+and+Wellness+Stores
Bags,https://www.swiggy.com/instamart/category-listing?categoryName=Fashion+and+Accessories&custom_back=true&filterId=678b65dd3e249c0001bc4008&storeId=1135721&taxonomyType=Health+and+Wellness+Stores
"Belts, Wallets and Eyewear",https://www.swiggy.com/instamart/category-listing?categoryName=Fashion+and+Accessories&custom_back=true&filterId=678b66393e249c0001bc4009&storeId=1135721&taxonomyType=Health+and+Wellness+Stores
Footwear,https://www.swiggy.com/instamart/category-listing?categoryName=Fashion+and+Accessories&custom_back=true&filterId=678b70a085f8990001ad95cd&storeId=1135721&taxonomyType=Health+and+Wellness+Stores
Newly Added,https://www.swiggy.com/instamart/category-listing?categoryName=Fashion+and+Accessories&custom_back=true&filterId=67b86b7e9fcd2d0001f15d82&storeId=1135721&taxonomyType=Health+and+Wellness+Stores
Formal Wear,https://www.swiggy.com/instamart/category-listing?categoryName=Fashion+and+Accessories&custom_back=true&filterId=678b70b085f8990001ad95ce&storeId=1135721&taxonomyType=Health+and+Wellness+Stores
Travel and Luggage,https://www.swiggy.com/instamart/category-listing?categoryName=Fashion+and+Accessories&custom_back=true&filterId=678b725185f8990001ad95d0&storeId=1135721&taxonomyType=Health+and+Wellness+Stores
Other Accessories,https://www.swiggy.com/instamart/category-listing?categoryName=Fashion+and+Accessories&custom_back=true&filterId=678b71d96d33590001d28480&storeId=1135721&taxonomyType=Health+and+Wellness+Stores
,
"Toys, Sports and Stationery",
Soft Toys,https://www.swiggy.com/instamart/category-listing?categoryName=Toys%2C+Sports+and+Stationery&custom_back=true&taxonomyType=Health+and+Wellness+Stores
Toy Cars & Guns,https://www.swiggy.com/instamart/category-listing?categoryName=Toys%2C+Sports+and+Stationery&custom_back=true&filterId=678b786b6d33590001d28486&storeId=1135721&taxonomyType=Health+and+Wellness+Stores
"Games, Puzzles, STEM",https://www.swiggy.com/instamart/category-listing?categoryName=Toys%2C+Sports+and+Stationery&custom_back=true&filterId=678b758a6d33590001d28483&storeId=1135721&taxonomyType=Health+and+Wellness+Stores
"Dolls, Pretend Kits, Figurimes",https://www.swiggy.com/instamart/category-listing?categoryName=Toys%2C+Sports+and+Stationery&custom_back=true&filterId=678b74b185f8990001ad95d2&storeId=1135721&taxonomyType=Health+and+Wellness+Stores
Building Blocks,https://www.swiggy.com/instamart/category-listing?categoryName=Toys%2C+Sports+and+Stationery&custom_back=true&filterId=678b7394b256960001c6853d&storeId=1135721&taxonomyType=Health+and+Wellness+Stores
Baby & Toddler Toys,https://www.swiggy.com/instamart/category-listing?categoryName=Toys%2C+Sports+and+Stationery&custom_back=true&filterId=678b72e36d33590001d28482&storeId=1135721&taxonomyType=Health+and+Wellness+Stores
Doughs & usical Toys,https://www.swiggy.com/instamart/category-listing?categoryName=Toys%2C+Sports+and+Stationery&custom_back=true&filterId=678b74d785f8990001ad95d3&storeId=1135721&taxonomyType=Health+and+Wellness+Stores
Sports & Outdoors,https://www.swiggy.com/instamart/category-listing?categoryName=Toys%2C+Sports+and+Stationery&custom_back=true&filterId=678b774bb256960001c6853f&storeId=1135721&taxonomyType=Health+and+Wellness+Stores
Craft & Hobbies,https://www.swiggy.com/instamart/category-listing?categoryName=Toys%2C+Sports+and+Stationery&custom_back=true&filterId=678b74873e249c0001bc4015&storeId=1135721&taxonomyType=Health+and+Wellness+Stores
Colouring Supplies,https://www.swiggy.com/instamart/category-listing?categoryName=Toys%2C+Sports+and+Stationery&custom_back=true&filterId=678b73df85f8990001ad95d1&storeId=1135721&taxonomyType=Health+and+Wellness+Stores
Office Stationery,https://www.swiggy.com/instamart/category-listing?categoryName=Toys%2C+Sports+and+Stationery&custom_back=true&filterId=678b75ca85f8990001ad95d4&storeId=1135721&taxonomyType=Health+and+Wellness+Stores
Pens Pencils Highlighters,https://www.swiggy.com/instamart/category-listing?categoryName=Toys%2C+Sports+and+Stationery&custom_back=true&filterId=678b75e6b256960001c6853e&storeId=1135721&taxonomyType=Health+and+Wellness+Stores
School Supplies,https://www.swiggy.com/instamart/category-listing?categoryName=Toys%2C+Sports+and+Stationery&custom_back=true&filterId=678b76126d33590001d28484&storeId=1135721&taxonomyType=Health+and+Wellness+Stores
Notebooks Diaries Sketchbooks,https://www.swiggy.com/instamart/category-listing?categoryName=Toys%2C+Sports+and+Stationery&custom_back=true&filterId=678b75a73e249c0001bc4016&storeId=1135721&taxonomyType=Health+and+Wellness+Stores
"Bags, Tiffin & Water Bottles",https://www.swiggy.com/instamart/category-listing?categoryName=Toys%2C+Sports+and+Stationery&custom_back=true&filterId=678b73643e249c0001bc4014&storeId=1135721&taxonomyType=Health+and+Wellness+Stores
Newly Added,https://www.swiggy.com/instamart/category-listing?categoryName=Toys%2C+Sports+and+Stationery&custom_back=true&filterId=67b86badb3a94c000165d2c7&storeId=1135721&taxonomyType=Health+and+Wellness+Stores
,
Electronics,
Earbuds & Headsets,https://www.swiggy.com/instamart/category-listing?categoryName=Electronics&custom_back=true&taxonomyType=Health+and+Wellness+Stores
Speakers & Soundbars,https://www.swiggy.com/instamart/category-listing?categoryName=Electronics&custom_back=true&filterId=678a3cde6d33590001d28469&storeId=1135721&taxonomyType=Health+and+Wellness+Stores
Smart Watches,https://www.swiggy.com/instamart/category-listing?categoryName=Electronics&custom_back=true&filterId=678a3cbd6d33590001d28468&storeId=1135721&taxonomyType=Health+and+Wellness+Stores
Kitchen Appliances,https://www.swiggy.com/instamart/category-listing?categoryName=Electronics&custom_back=true&filterId=678a3afab81f7f0001a3a429&storeId=1135721&taxonomyType=Health+and+Wellness+Stores
Home Appliances,https://www.swiggy.com/instamart/category-listing?categoryName=Electronics&custom_back=true&filterId=678a3a6e85f8990001ad95b9&storeId=1135721&taxonomyType=Health+and+Wellness+Stores
Personal Care Appliances,https://www.swiggy.com/instamart/category-listing?categoryName=Electronics&custom_back=true&filterId=678a3c47b81f7f0001a3a42a&storeId=1135721&taxonomyType=Health+and+Wellness+Stores
Health Care Appliances,https://www.swiggy.com/instamart/category-listing?categoryName=Electronics&custom_back=true&filterId=678a39d86d33590001d28466&storeId=1135721&taxonomyType=Health+and+Wellness+Stores
Powerbanks Chanrgers Cables,https://www.swiggy.com/instamart/category-listing?categoryName=Electronics&custom_back=true&filterId=678a3c6c6d33590001d28467&storeId=1135721&taxonomyType=Health+and+Wellness+Stores
Smart & Streaming Devices,https://www.swiggy.com/instamart/category-listing?categoryName=Electronics&custom_back=true&filterId=678a3c96b81f7f0001a3a42b&storeId=1135721&taxonomyType=Health+and+Wellness+Stores
Lights & Bulbs,https://www.swiggy.com/instamart/category-listing?categoryName=Electronics&custom_back=true&filterId=678a3bd83e249c0001bc3ff8&storeId=1135721&taxonomyType=Health+and+Wellness+Stores
Batteries & Extensions,https://www.swiggy.com/instamart/category-listing?categoryName=Electronics&custom_back=true&filterId=678a38dc85f8990001ad95b8&storeId=1135721&taxonomyType=Health+and+Wellness+Stores
Computer Accessories,https://www.swiggy.com/instamart/category-listing?categoryName=Electronics&custom_back=true&filterId=678a391e6d33590001d28464&storeId=1135721&taxonomyType=Health+and+Wellness+Stores
Newly Added,https://www.swiggy.com/instamart/category-listing?categoryName=Electronics&custom_back=true&filterId=67b86bf5768a0b0001dfb8a0&storeId=1135721&taxonomyType=Health+and+Wellness+Stores
Appliances,
Juicer Mixer Grinders,https://www.swiggy.com/instamart/category-listing?categoryName=Appliances&custom_back=true&taxonomyType=Health+and+Wellness+Stores
Blenders & Frothers,https://www.swiggy.com/instamart/category-listing?categoryName=Appliances&custom_back=true&filterId=678c96f73e249c0001bc4019&storeId=1135721&taxonomyType=Health+and+Wellness+Stores
Electric Kettles,https://www.swiggy.com/instamart/category-listing?categoryName=Appliances&custom_back=true&filterId=678c977885f8990001ad95d5&storeId=1135721&taxonomyType=Health+and+Wellness+Stores
Choppers & Egg Rollers,https://www.swiggy.com/instamart/category-listing?categoryName=Appliances&custom_back=true&filterId=678c975b3e249c0001bc401a&storeId=1135721&taxonomyType=Health+and+Wellness+Stores
Toasters & Coffee Makers,https://www.swiggy.com/instamart/category-listing?categoryName=Appliances&custom_back=true&filterId=678c991785f8990001ad95d9&storeId=1135721&taxonomyType=Health+and+Wellness+Stores
Newly Added,https://www.swiggy.com/instamart/category-listing?categoryName=Appliances&custom_back=true&filterId=67b86c409fcd2d0001f15d83&storeId=1135721&taxonomyType=Health+and+Wellness+Stores
Air Fryers,https://www.swiggy.com/instamart/category-listing?categoryName=Appliances&custom_back=true&filterId=678c96b43e249c0001bc4018&storeId=1135721&taxonomyType=Health+and+Wellness+Stores
Induction Cooktops,https://www.swiggy.com/instamart/category-listing?categoryName=Appliances&custom_back=true&filterId=678c97c1b256960001c68543&storeId=1135721&taxonomyType=Health+and+Wellness+Stores
Irons & Steamers,https://www.swiggy.com/instamart/category-listing?categoryName=Appliances&custom_back=true&filterId=678c97ee3e249c0001bc401c&storeId=1135721&taxonomyType=Health+and+Wellness+Stores
"Heaters, Geysers, Immersion Rods",https://www.swiggy.com/instamart/category-listing?categoryName=Appliances&custom_back=true&filterId=678c97ac85f8990001ad95d6&storeId=1135721&taxonomyType=Health+and+Wellness+Stores
Vacuum Cleaners,https://www.swiggy.com/instamart/category-listing?categoryName=Appliances&custom_back=true&filterId=678c992b3e249c0001bc401d&storeId=1135721&taxonomyType=Health+and+Wellness+Stores
Fans,https://www.swiggy.com/instamart/category-listing?categoryName=Appliances&custom_back=true&filterId=678c978b3e249c0001bc401b&storeId=1135721&taxonomyType=Health+and+Wellness+Stores
Camera & Networking Devices,https://www.swiggy.com/instamart/category-listing?categoryName=Appliances&custom_back=true&filterId=678c9716b256960001c68542&storeId=1135721&taxonomyType=Health+and+Wellness+Stores
Others,https://www.swiggy.com/instamart/category-listing?categoryName=Appliances&custom_back=true&filterId=678c98af85f8990001ad95d8&storeId=1135721&taxonomyType=Health+and+Wellness+Stores
Pet Supplies,
Cat Food ,https://www.swiggy.com/instamart/category-listing?categoryName=Pet+Supplies&custom_back=true&taxonomyType=Health+and+Wellness+Stores
Dog Food,https://www.swiggy.com/instamart/category-listing?categoryName=Pet+Supplies&custom_back=true&filterId=678de6983e249c0001bc401f&storeId=1135721&taxonomyType=Health+and+Wellness+Stores
Pet Treats,https://www.swiggy.com/instamart/category-listing?categoryName=Pet+Supplies&custom_back=true&filterId=678de8193e249c0001bc4020&storeId=1135721&taxonomyType=Health+and+Wellness+Stores
Cat Litter,https://www.swiggy.com/instamart/category-listing?categoryName=Pet+Supplies&custom_back=true&filterId=678de6863e249c0001bc401e&storeId=1135721&taxonomyType=Health+and+Wellness+Stores
Pet Accessories & Toys,https://www.swiggy.com/instamart/category-listing?categoryName=Pet+Supplies&custom_back=true&filterId=678de6d76d33590001d28489&storeId=1135721&taxonomyType=Health+and+Wellness+Stores
Pet Grooming and Supplements,https://www.swiggy.com/instamart/category-listing?categoryName=Pet+Supplies&custom_back=true&filterId=678de7cd6d33590001d2848a&storeId=1135721&taxonomyType=Health+and+Wellness+Stores
