main category,sub-category name,url
Unknown,Cart,https://www.zeptonow.com/cn/paan-corner/cigarettes/cid/cd50825e-baf8-47fe-9abc-ed9556122a9a/scid/5bcbee47-7c83-4279-80f0-7ecc068496df?cart=open
Unknown,Paan Corner,https://www.zeptonow.com/cn/paan-corner/top-picks/cid/cd50825e-baf8-47fe-9abc-ed9556122a9a/scid/5ce06b88-4e4e-4625-9fa0-0793aac0e50e?
Unknown,Cigarettes,https://www.zeptonow.com/cn/paan-corner/cigarettes/cid/cd50825e-baf8-47fe-9abc-ed9556122a9a/scid/5bcbee47-7c83-4279-80f0-7ecc068496df?
Unknown,Cigars,https://www.zeptonow.com/cn/paan-corner/cigars/cid/cd50825e-baf8-47fe-9abc-ed9556122a9a/scid/ff1cac9c-e323-40f4-afca-b53c145a0507?
Unknown,Fresheners & Sweets,https://www.zeptonow.com/cn/paan-corner/fresheners-sweets/cid/cd50825e-baf8-47fe-9abc-ed9556122a9a/scid/707a33fd-f8e1-4448-8d0c-23d6c7fa8222?
Unknown,Smoking Accessories,https://www.zeptonow.com/cn/paan-corner/smoking-accessories/cid/cd50825e-baf8-47fe-9abc-ed9556122a9a/scid/76498c80-f5fc-471a-ae54-cbbac8909b78?
Unknown,Hookah Needs,https://www.zeptonow.com/cn/paan-corner/hookah-needs/cid/cd50825e-baf8-47fe-9abc-ed9556122a9a/scid/30ff2f8f-2a98-43c9-b34b-d1463a6398ce?
Unknown,Rolling Paper,https://www.zeptonow.com/cn/paan-corner/rolling-paper/cid/cd50825e-baf8-47fe-9abc-ed9556122a9a/scid/fe094fb9-e92a-4c51-98ad-fa0fc7e57609?
Unknown,Mints & Gums,https://www.zeptonow.com/cn/paan-corner/mints-gums/cid/cd50825e-baf8-47fe-9abc-ed9556122a9a/scid/cb2d2a13-da4b-4420-8e36-6bfac9cd69fb?
Unknown,Soft Drink,https://www.zeptonow.com/cn/paan-corner/soft-drink/cid/cd50825e-baf8-47fe-9abc-ed9556122a9a/scid/065d707b-0752-4432-991b-d2cb22f8affb?
Unknown,Chips,https://www.zeptonow.com/cn/paan-corner/chips/cid/cd50825e-baf8-47fe-9abc-ed9556122a9a/scid/a10054a7-b36c-4ef2-b074-7b9218ebeec5?
Unknown,Energy Drinks,https://www.zeptonow.com/cn/paan-corner/energy-drinks/cid/cd50825e-baf8-47fe-9abc-ed9556122a9a/scid/012b2ebb-1c14-4589-b0a1-4e45d846a879?
Unknown,Nacho,https://www.zeptonow.com/cn/paan-corner/nacho/cid/cd50825e-baf8-47fe-9abc-ed9556122a9a/scid/53650aa5-134d-4e2b-b70d-9334e3f42d59?
Unknown,Combos,https://www.zeptonow.com/cn/paan-corner/combos/cid/cd50825e-baf8-47fe-9abc-ed9556122a9a/scid/fef95a94-46a2-4033-a39f-7bc003509ec5?
Unknown,Curd,https://www.zeptonow.com/cn/dairy-bread-eggs/yogurts-dahi/cid/4b938e02-7bde-4479-bc0a-2b54cb6bd5f5/scid/4e975d7a-b3f9-4958-99e9-cd96cb7e7b0b
Unknown,Hukka flavour,https://www.zeptonow.com/cn/paan-corner/hookah-needs/cid/cd50825e-baf8-47fe-9abc-ed9556122a9a/scid/30ff2f8f-2a98-43c9-b34b-d1463a6398ce
Unknown,Paan shop near me,https://www.zeptonow.com/cn/paan-corner/cigarettes/cid/cd50825e-baf8-47fe-9abc-ed9556122a9a/scid/5bcbee47-7c83-4279-80f0-7ecc068496df
Unknown,Eggs price,https://www.zeptonow.com/cn/dairy-bread-eggs/eggs/cid/4b938e02-7bde-4479-bc0a-2b54cb6bd5f5/scid/d638f064-e7f3-4161-b692-a3f472c64020
Unknown,Cheese slice,https://www.zeptonow.com/cn/dairy-bread-eggs/cheese/cid/4b938e02-7bde-4479-bc0a-2b54cb6bd5f5/scid/f594b28a-4775-48ac-8840-b9030229ff87
Unknown,Fresh fruits,https://www.zeptonow.com/cn/fruits-vegetables/fresh-fruits/cid/64374cfe-d06f-4a01-898e-c07c46462c36/scid/09e63c15-e5f7-4712-9ff8-513250b79942
Unknown,Fresh vegetables,https://www.zeptonow.com/cn/fruits-vegetables/fresh-vegetables/cid/64374cfe-d06f-4a01-898e-c07c46462c36/scid/b4827798-fcb6-4520-ba5b-0f2bd9bd7208
Unknown,Refined oil,https://www.zeptonow.com/cn/atta-rice-oil-dals/oil/cid/2f7190d0-7c40-458b-b450-9a1006db3d95/scid/2b5e863c-9497-46ae-a7e9-85f6ef7380da
Unknown,Butter price,https://www.zeptonow.com/cn/dairy-bread-eggs/butter/cid/4b938e02-7bde-4479-bc0a-2b54cb6bd5f5/scid/62b2b1eb-cd07-41b2-b567-cc878d2287fc
Unknown,Paneer price,https://www.zeptonow.com/cn/dairy-bread-eggs/paneer-cream/cid/4b938e02-7bde-4479-bc0a-2b54cb6bd5f5/scid/1806412f-190a-46b1-be42-4237a4146eb1
Unknown,"Atta, Rice, Oil & Dals",https://www.zeptonow.com/cn/atta-rice-oil-dals/top-picks/cid/2f7190d0-7c40-458b-b450-9a1006db3d95/scid/84f270cf-ae95-4d61-a556-b35b563fb947
Unknown,Masala & Dry Fruits,https://www.zeptonow.com/cn/masala-dry-fruits-more/top-picks/cid/0c2ccf87-e32c-4438-9560-8d9488fc73e0/scid/8b44cef2-1bab-407e-aadd-29254e6778fa
Unknown,Sweet Cravings,https://www.zeptonow.com/cn/sweet-cravings/top-picks/cid/adab2f81-7140-4fe9-b8cf-3d809f40e38a/scid/002a4a04-fbc0-4fd9-a259-eb95158f8067
Unknown,Frozen Food & Ice Creams,https://www.zeptonow.com/cn/frozen-food-ice-creams/top-picks/cid/aae1447d-1403-4a5c-a65f-bcb3afb93b5e/scid/98beb18c-0205-4267-9a30-7a749bec1b63
Unknown,Baby Food,https://www.zeptonow.com/cn/packaged-food/baby-food/cid/5736ad99-f589-4d58-a24b-a12222320a37/scid/5eef200f-d318-4dad-90bd-ccc579d165f3
Unknown,"Dairy, Bread & Eggs",https://www.zeptonow.com/cn/dairy-bread-eggs/top-picks/cid/4b938e02-7bde-4479-bc0a-2b54cb6bd5f5/scid/b26b6bcf-7c81-48e7-a9bc-fec3825bad2a
Unknown,Cold Drinks & Juices,https://www.zeptonow.com/cn/cold-drinks-juices/top-picks/cid/947a72ae-b371-45cb-ad3a-778c05b64399/scid/7dceec53-78f9-4f06-83d7-c8edd9c2f71a
Unknown,Munchies,https://www.zeptonow.com/cn/munchies/top-picks/cid/d2c2a144-43cd-43e5-b308-92628fa68596/scid/d648ea7c-18f0-4178-a202-4751811b086b
Unknown,"Meats, Fish & Eggs",https://www.zeptonow.com/cn/meats-fish-eggs/top-picks/cid/4654bd8a-fb30-4ee1-ab30-4bf581b6c6e3/scid/b6fbf886-79f1-4a34-84bf-4aed50175418
Unknown,Breakfast & Sauces,https://www.zeptonow.com/cn/breakfast-sauces/top-picks/cid/f804bccc-c565-4879-b6ab-1b964bb1ed41/scid/68922181-4e0e-4a6b-9862-cf1a02ba240e
Unknown,"Tea, Coffee & More",https://www.zeptonow.com/cn/tea-coffee-more/top-picks/cid/d7e98d87-6850-4cf9-a37c-e4fa34ae302c/scid/e6763c2d-0bf3-4332-82e4-0c8df1c94cad
Unknown,Biscuits,https://www.zeptonow.com/cn/biscuits/top-picks/cid/2552acf2-2f77-4714-adc8-e505de3985db/scid/3a10723e-ba14-4e5c-bdeb-a4dce2c1bec4
Unknown,Makeup & Beauty,https://www.zeptonow.com/cn/makeup-beauty/top-picks/cid/2e5eae34-1666-4ddc-8903-76e6547f72e4/scid/e64390a2-eaaa-4f23-b1a6-422df5e2af60
Unknown,Bath & Body,https://www.zeptonow.com/cn/bath-body/shampoo-conditioner/cid/26e64367-19ad-4f80-a763-42599d4215ee/scid/cbc00f48-d856-4900-ad3e-859f332f199b
Unknown,Cleaning Essentials,https://www.zeptonow.com/cn/cleaning-essentials/liquid-detergents-additives/cid/1a7e46a8-e627-450f-8960-490b550eeee6/scid/dfb37880-b40f-4783-9502-a56e12edbabc
Unknown,Home Needs,https://www.zeptonow.com/cn/home-needs/top-picks/cid/ac7b3ee1-98cb-48b8-8c62-27f47b4185a2/scid/e23f3966-4135-4aa2-88ca-0baa7dce1e68
Unknown,Electricals & Accessories,https://www.zeptonow.com/cn/electricals-accessories/top-picks/cid/966dc8a0-8f21-420e-a897-8dd70b4228f6/scid/7734eb25-787d-4929-ab87-60d48b1391cb
Unknown,Hygiene & Grooming,https://www.zeptonow.com/cn/hygiene-grooming/feminine-hygiene/cid/875671b0-ec18-42c7-9749-c2cf165509fa/scid/1774e2ec-d3e9-4387-bf8b-661bacf44f1b
Unknown,Health & Baby Care,https://www.zeptonow.com/cn/health-baby-care/sexual-wellness/cid/46853481-25d4-4126-947b-c6d96f0669f6/scid/95c866f4-0647-4368-9bb4-88ca0ff66ab0
Unknown,Homegrown Brands,https://www.zeptonow.com/cn/homegrown-brands/tea-coffee/cid/2223e3e6-334d-4aa8-8e22-dcf577faa933/scid/353b3339-3f85-416d-b662-9c42685c96ce
Unknown,Cart,https://www.zeptonow.com/cn/mobile-accessories/mobile-accessories/cid/48eaaa14-828a-4d35-bd61-c8a72e2e4e73/scid/e5d2ce92-4db9-4ae9-b7e8-2b02ec15220f?cart=open
Unknown,Mobile Accessories,https://www.zeptonow.com/cn/mobile-accessories/adapter/cid/48eaaa14-828a-4d35-bd61-c8a72e2e4e73/scid/e5d2ce92-4db9-4ae9-b7e8-2b02ec15220f?
Unknown,Cable & chargers,https://www.zeptonow.com/cn/mobile-accessories/cable-chargers/cid/48eaaa14-828a-4d35-bd61-c8a72e2e4e73/scid/126491b6-ef0f-4c60-b0e1-a2e9fc81f8f8?
Unknown,Car Accessories,https://www.zeptonow.com/cn/mobile-accessories/car-accessories/cid/48eaaa14-828a-4d35-bd61-c8a72e2e4e73/scid/1da6a4d3-e1c8-40ff-a7e2-eec0a8eddb71?
Unknown,Power Bank,https://www.zeptonow.com/cn/mobile-accessories/power-bank/cid/48eaaa14-828a-4d35-bd61-c8a72e2e4e73/scid/c1861d96-9575-47a5-aa45-00e238201420?
Unknown,Cart,https://www.zeptonow.com/cn/kitchen-appliances/kitchen-appliances/cid/08811fab-07d4-45a8-8953-dadddea81f4d/scid/0d3aa573-41a4-42c7-83f4-1a110de9a617?cart=open
Unknown,Kitchen Appliances,https://www.zeptonow.com/cn/kitchen-appliances/electric-cookware/cid/08811fab-07d4-45a8-8953-dadddea81f4d/scid/0d3aa573-41a4-42c7-83f4-1a110de9a617?
Unknown,Juicers & Mixers,https://www.zeptonow.com/cn/kitchen-appliances/juicers-mixers/cid/08811fab-07d4-45a8-8953-dadddea81f4d/scid/f6398a6b-ab6c-4927-a496-aa966541e57c?
Unknown,Kettles & Egg boiler,https://www.zeptonow.com/cn/kitchen-appliances/kettles-egg-boiler/cid/08811fab-07d4-45a8-8953-dadddea81f4d/scid/bf5d8a29-f0a5-4700-b482-ce57b34720ed?
Unknown,Toasters,https://www.zeptonow.com/cn/kitchen-appliances/toasters/cid/08811fab-07d4-45a8-8953-dadddea81f4d/scid/c7352908-2a7f-4403-bb57-c5cda8dcf2b9?
Curd,Cart,https://www.zeptonow.com/cn/dairy-bread-eggs/yogurts-dahi/cid/4b938e02-7bde-4479-bc0a-2b54cb6bd5f5/scid/4e975d7a-b3f9-4958-99e9-cd96cb7e7b0b?cart=open
Curd,Dairy Bread Eggs,https://www.zeptonow.com/cn/dairy-bread-eggs/cheese/cid/4b938e02-7bde-4479-bc0a-2b54cb6bd5f5/scid/f594b28a-4775-48ac-8840-b9030229ff87?
Curd,Paneer & Cream,https://www.zeptonow.com/cn/dairy-bread-eggs/paneer-cream/cid/4b938e02-7bde-4479-bc0a-2b54cb6bd5f5/scid/1806412f-190a-46b1-be42-4237a4146eb1?
Curd,Butter,https://www.zeptonow.com/cn/dairy-bread-eggs/butter/cid/4b938e02-7bde-4479-bc0a-2b54cb6bd5f5/scid/62b2b1eb-cd07-41b2-b567-cc878d2287fc?
Curd,Curd & Probiotic Drink,https://www.zeptonow.com/cn/dairy-bread-eggs/curd-probiotic-drink/cid/4b938e02-7bde-4479-bc0a-2b54cb6bd5f5/scid/5418d83c-4c50-4914-a768-b02c2aac2fea?
Curd,Eggs,https://www.zeptonow.com/cn/dairy-bread-eggs/eggs/cid/4b938e02-7bde-4479-bc0a-2b54cb6bd5f5/scid/d638f064-e7f3-4161-b692-a3f472c64020?
Curd,Gourmet Store,https://www.zeptonow.com/cn/dairy-bread-eggs/gourmet-store/cid/4b938e02-7bde-4479-bc0a-2b54cb6bd5f5/scid/ae073f45-ca55-47f8-8ea6-15cbecbd947d?
Curd,Milk,https://www.zeptonow.com/cn/dairy-bread-eggs/milk/cid/4b938e02-7bde-4479-bc0a-2b54cb6bd5f5/scid/22964a2b-0439-4236-9950-0d71b532b243?
Curd,Yogurt & Shrikhand,https://www.zeptonow.com/cn/dairy-bread-eggs/yogurt-shrikhand/cid/4b938e02-7bde-4479-bc0a-2b54cb6bd5f5/scid/4e975d7a-b3f9-4958-99e9-cd96cb7e7b0b?
Curd,Breads & Buns,https://www.zeptonow.com/cn/dairy-bread-eggs/breads-buns/cid/4b938e02-7bde-4479-bc0a-2b54cb6bd5f5/scid/30566884-bbd7-49fa-8c3f-43c90a571c9e?
Curd,Batters & Mixes,https://www.zeptonow.com/cn/dairy-bread-eggs/batters-mixes/cid/4b938e02-7bde-4479-bc0a-2b54cb6bd5f5/scid/30fc9ec2-394f-4d84-8aca-51a8929c4870?
Curd,Top Picks,https://www.zeptonow.com/cn/dairy-bread-eggs/top-picks/cid/4b938e02-7bde-4479-bc0a-2b54cb6bd5f5/scid/b26b6bcf-7c81-48e7-a9bc-fec3825bad2a?
Curd,Vegan Drinks,https://www.zeptonow.com/cn/dairy-bread-eggs/vegan-drinks/cid/4b938e02-7bde-4479-bc0a-2b54cb6bd5f5/scid/068be711-3903-479b-b96e-96bfa67df150?
Curd,Zepto Cafe,https://www.zeptonow.com/cn/dairy-bread-eggs/zepto-cafe/cid/4b938e02-7bde-4479-bc0a-2b54cb6bd5f5/scid/24ed6b1e-610b-4a6a-98ee-8a327040445f?
Eggs price,Cart,https://www.zeptonow.com/cn/dairy-bread-eggs/eggs/cid/4b938e02-7bde-4479-bc0a-2b54cb6bd5f5/scid/d638f064-e7f3-4161-b692-a3f472c64020?cart=open
Cheese slice,Cart,https://www.zeptonow.com/cn/dairy-bread-eggs/cheese/cid/4b938e02-7bde-4479-bc0a-2b54cb6bd5f5/scid/f594b28a-4775-48ac-8840-b9030229ff87?cart=open
Fresh fruits,Cart,https://www.zeptonow.com/cn/fruits-vegetables/fresh-fruits/cid/64374cfe-d06f-4a01-898e-c07c46462c36/scid/09e63c15-e5f7-4712-9ff8-513250b79942?cart=open
Fresh fruits,Fruits Vegetables,https://www.zeptonow.com/cn/fruits-vegetables/all/cid/64374cfe-d06f-4a01-898e-c07c46462c36/scid/e78a8422-5f20-4e4b-9a9f-22a0e53962e3?
Fresh fruits,Fresh Vegetables,https://www.zeptonow.com/cn/fruits-vegetables/fresh-vegetables/cid/64374cfe-d06f-4a01-898e-c07c46462c36/scid/b4827798-fcb6-4520-ba5b-0f2bd9bd7208?
Fresh fruits,Fresh Fruits,https://www.zeptonow.com/cn/fruits-vegetables/fresh-fruits/cid/64374cfe-d06f-4a01-898e-c07c46462c36/scid/09e63c15-e5f7-4712-9ff8-513250b79942?
Fresh fruits,Flowers & Leaves,https://www.zeptonow.com/cn/fruits-vegetables/flowers-leaves/cid/64374cfe-d06f-4a01-898e-c07c46462c36/scid/ec911f07-e53f-4086-81e7-089a789860c8?
Fresh fruits,Mangoes & Melons,https://www.zeptonow.com/cn/fruits-vegetables/mangoes-melons/cid/64374cfe-d06f-4a01-898e-c07c46462c36/scid/fc342528-4d25-4a6b-a28a-7c8df22fa857?
Fresh fruits,"Leafy, Herbs & Seasonings",https://www.zeptonow.com/cn/fruits-vegetables/leafy-herbs-seasonings/cid/64374cfe-d06f-4a01-898e-c07c46462c36/scid/bc8ec1d3-95cf-4af5-aa60-43cde99798c1?
Fresh fruits,Exotics & Premium,https://www.zeptonow.com/cn/fruits-vegetables/exotics-premium/cid/64374cfe-d06f-4a01-898e-c07c46462c36/scid/0a065d7d-ea57-4359-9900-b03425028d47?
Fresh fruits,Organics & Hydroponics,https://www.zeptonow.com/cn/fruits-vegetables/organics-hydroponics/cid/64374cfe-d06f-4a01-898e-c07c46462c36/scid/414e9381-3ba3-4632-92e0-00fc29304900?
Fresh fruits,Cuts & Sprouts,https://www.zeptonow.com/cn/fruits-vegetables/cuts-sprouts/cid/64374cfe-d06f-4a01-898e-c07c46462c36/scid/6eb7a384-5edf-4a68-aa99-a1c2b30c2f19?
Fresh fruits,Plants & Gardening,https://www.zeptonow.com/cn/fruits-vegetables/plants-gardening/cid/64374cfe-d06f-4a01-898e-c07c46462c36/scid/97c725c2-41b3-4d78-ba3e-75e92b3ba054?
Fresh fruits,Dried & Dehydrated,https://www.zeptonow.com/cn/fruits-vegetables/dried-dehydrated/cid/64374cfe-d06f-4a01-898e-c07c46462c36/scid/ac416c10-4eee-45bb-b1ec-3a91e89c32d5?
Fresh fruits,Fresh Juices,https://www.zeptonow.com/cn/fruits-vegetables/fresh-juices/cid/64374cfe-d06f-4a01-898e-c07c46462c36/scid/172749fd-8c09-454a-997a-79c7cd8bc03a?
Fresh fruits,Fresh Salads & Juices,https://www.zeptonow.com/cn/fruits-vegetables/fresh-salads-juices/cid/64374cfe-d06f-4a01-898e-c07c46462c36/scid/9fe9b3f1-c6ff-463a-a8d0-ade4fcb3d1dd?
Fresh vegetables,Cart,https://www.zeptonow.com/cn/fruits-vegetables/fresh-vegetables/cid/64374cfe-d06f-4a01-898e-c07c46462c36/scid/b4827798-fcb6-4520-ba5b-0f2bd9bd7208?cart=open
Refined oil,Cart,https://www.zeptonow.com/cn/atta-rice-oil-dals/oil/cid/2f7190d0-7c40-458b-b450-9a1006db3d95/scid/2b5e863c-9497-46ae-a7e9-85f6ef7380da?cart=open
Refined oil,Atta Rice Oil Dals,https://www.zeptonow.com/cn/atta-rice-oil-dals/top-picks/cid/2f7190d0-7c40-458b-b450-9a1006db3d95/scid/84f270cf-ae95-4d61-a556-b35b563fb947?
Refined oil,Oil,https://www.zeptonow.com/cn/atta-rice-oil-dals/oil/cid/2f7190d0-7c40-458b-b450-9a1006db3d95/scid/2b5e863c-9497-46ae-a7e9-85f6ef7380da?
Refined oil,Atta & Other Flours,https://www.zeptonow.com/cn/atta-rice-oil-dals/atta-other-flours/cid/2f7190d0-7c40-458b-b450-9a1006db3d95/scid/9a9ca257-b277-4b02-9e12-cf637565b8f1?
Refined oil,Ghee,https://www.zeptonow.com/cn/atta-rice-oil-dals/ghee/cid/2f7190d0-7c40-458b-b450-9a1006db3d95/scid/56c015a7-b283-4e7a-b3ba-0f76f4f181dc?
Refined oil,Dals & Pulses,https://www.zeptonow.com/cn/atta-rice-oil-dals/dals-pulses/cid/2f7190d0-7c40-458b-b450-9a1006db3d95/scid/59c951bd-4cb4-4659-9467-1e72a8f972d9?
Refined oil,Rice & More,https://www.zeptonow.com/cn/atta-rice-oil-dals/rice-more/cid/2f7190d0-7c40-458b-b450-9a1006db3d95/scid/9798b797-0db0-4b04-b198-31b0a5849318?
Butter price,Cart,https://www.zeptonow.com/cn/dairy-bread-eggs/butter/cid/4b938e02-7bde-4479-bc0a-2b54cb6bd5f5/scid/62b2b1eb-cd07-41b2-b567-cc878d2287fc?cart=open
Paneer price,Cart,https://www.zeptonow.com/cn/dairy-bread-eggs/paneer-cream/cid/4b938e02-7bde-4479-bc0a-2b54cb6bd5f5/scid/1806412f-190a-46b1-be42-4237a4146eb1?cart=open
"Atta, Rice, Oil & Dals",Cart,https://www.zeptonow.com/cn/atta-rice-oil-dals/top-picks/cid/2f7190d0-7c40-458b-b450-9a1006db3d95/scid/84f270cf-ae95-4d61-a556-b35b563fb947?cart=open
Masala & Dry Fruits,Cart,https://www.zeptonow.com/cn/masala-dry-fruits-more/top-picks/cid/0c2ccf87-e32c-4438-9560-8d9488fc73e0/scid/8b44cef2-1bab-407e-aadd-29254e6778fa?cart=open
Masala & Dry Fruits,Masala Dry Fruits More,https://www.zeptonow.com/cn/masala-dry-fruits-more/top-picks/cid/0c2ccf87-e32c-4438-9560-8d9488fc73e0/scid/8b44cef2-1bab-407e-aadd-29254e6778fa?
Masala & Dry Fruits,Powders & Pastes,https://www.zeptonow.com/cn/masala-dry-fruits-more/powders-pastes/cid/0c2ccf87-e32c-4438-9560-8d9488fc73e0/scid/80f4308e-91ad-4cc4-b804-57783fe4c667?
Masala & Dry Fruits,Dry Fruits & Nuts,https://www.zeptonow.com/cn/masala-dry-fruits-more/dry-fruits-nuts/cid/0c2ccf87-e32c-4438-9560-8d9488fc73e0/scid/dee4d0bc-0348-492c-9fa3-e55b7e2a44b3?
Masala & Dry Fruits,Dates & Seeds,https://www.zeptonow.com/cn/masala-dry-fruits-more/dates-seeds/cid/0c2ccf87-e32c-4438-9560-8d9488fc73e0/scid/fd487995-4d2b-4b23-a6ef-831bc118dedb?
Masala & Dry Fruits,Whole Spices & Seasonings,https://www.zeptonow.com/cn/masala-dry-fruits-more/whole-spices-seasonings/cid/0c2ccf87-e32c-4438-9560-8d9488fc73e0/scid/bd6ea174-5b9a-4071-aae1-a7807615351e?
Masala & Dry Fruits,"Salt, Sugar & Jaggery",https://www.zeptonow.com/cn/masala-dry-fruits-more/salt-sugar-jaggery/cid/0c2ccf87-e32c-4438-9560-8d9488fc73e0/scid/b5826992-5cfc-4554-8075-a3f33709ddf2?
Masala & Dry Fruits,Dehydrated & Dried,https://www.zeptonow.com/cn/masala-dry-fruits-more/dehydrated-dried/cid/0c2ccf87-e32c-4438-9560-8d9488fc73e0/scid/9dfe488f-ee38-43e2-99c6-78d6d17676d2?
Sweet Cravings,Cart,https://www.zeptonow.com/cn/sweet-cravings/top-picks/cid/adab2f81-7140-4fe9-b8cf-3d809f40e38a/scid/002a4a04-fbc0-4fd9-a259-eb95158f8067?cart=open
Sweet Cravings,Sweet Cravings,https://www.zeptonow.com/cn/sweet-cravings/top-picks/cid/adab2f81-7140-4fe9-b8cf-3d809f40e38a/scid/002a4a04-fbc0-4fd9-a259-eb95158f8067?
Sweet Cravings,Chocolates,https://www.zeptonow.com/cn/sweet-cravings/chocolates/cid/adab2f81-7140-4fe9-b8cf-3d809f40e38a/scid/ca984d2d-70b8-464c-b182-41aa328b3d4b?
Sweet Cravings,Zepto Cafe,https://www.zeptonow.com/cn/sweet-cravings/zepto-cafe/cid/adab2f81-7140-4fe9-b8cf-3d809f40e38a/scid/45437faf-90ba-457b-8edf-1a95f791f909?
Sweet Cravings,Indian Mithai,https://www.zeptonow.com/cn/sweet-cravings/indian-mithai/cid/adab2f81-7140-4fe9-b8cf-3d809f40e38a/scid/b353a8f7-7dd6-4efe-954f-45bbddb6be5f?
Sweet Cravings,Pastries & Cakes,https://www.zeptonow.com/cn/sweet-cravings/pastries-cakes/cid/adab2f81-7140-4fe9-b8cf-3d809f40e38a/scid/fce3a00a-4543-424a-a5af-73bbd2ce3f75?
Sweet Cravings,Dessert Mixes,https://www.zeptonow.com/cn/sweet-cravings/dessert-mixes/cid/adab2f81-7140-4fe9-b8cf-3d809f40e38a/scid/ab2b2b45-a6d4-4982-9eb8-c3615b1d8608?
Sweet Cravings,"Candies, Gums & Mints",https://www.zeptonow.com/cn/sweet-cravings/candies-gums-mints/cid/adab2f81-7140-4fe9-b8cf-3d809f40e38a/scid/e300bbfe-74db-4a3f-ba9c-052f296212c2?
Sweet Cravings,Premium Chocolates,https://www.zeptonow.com/cn/sweet-cravings/premium-chocolates/cid/adab2f81-7140-4fe9-b8cf-3d809f40e38a/scid/fda4043f-c6b5-4edb-bc74-9173c334499a?
Frozen Food & Ice Creams,Cart,https://www.zeptonow.com/cn/frozen-food-ice-creams/top-picks/cid/aae1447d-1403-4a5c-a65f-bcb3afb93b5e/scid/98beb18c-0205-4267-9a30-7a749bec1b63?cart=open
Frozen Food & Ice Creams,Frozen Food Ice Creams,https://www.zeptonow.com/cn/frozen-food-ice-creams/top-picks/cid/aae1447d-1403-4a5c-a65f-bcb3afb93b5e/scid/98beb18c-0205-4267-9a30-7a749bec1b63?
Frozen Food & Ice Creams,Veg Snacks,https://www.zeptonow.com/cn/frozen-food-ice-creams/veg-snacks/cid/aae1447d-1403-4a5c-a65f-bcb3afb93b5e/scid/dd3fd11a-5ed1-40a9-8e3c-edf3b82e7d32?
Frozen Food & Ice Creams,Non Veg Snacks,https://www.zeptonow.com/cn/frozen-food-ice-creams/non-veg-snacks/cid/aae1447d-1403-4a5c-a65f-bcb3afb93b5e/scid/c7506b56-1bb6-4bfb-8622-854d744d45ca?
Frozen Food & Ice Creams,Momos & More,https://www.zeptonow.com/cn/frozen-food-ice-creams/momos-more/cid/aae1447d-1403-4a5c-a65f-bcb3afb93b5e/scid/112b3aac-feee-4e01-9e5a-701dc1b5464e?
Frozen Food & Ice Creams,Raw Meats,https://www.zeptonow.com/cn/frozen-food-ice-creams/raw-meats/cid/aae1447d-1403-4a5c-a65f-bcb3afb93b5e/scid/1ee9ca43-47d6-470e-8b3e-158f0c951fb0?
Frozen Food & Ice Creams,Roti & Paratha,https://www.zeptonow.com/cn/frozen-food-ice-creams/roti-paratha/cid/aae1447d-1403-4a5c-a65f-bcb3afb93b5e/scid/007dfd66-b8b4-4cbe-8454-ddcaaecafe16?
Frozen Food & Ice Creams,"Sausages, Salami & Ham",https://www.zeptonow.com/cn/frozen-food-ice-creams/sausages-salami-ham/cid/aae1447d-1403-4a5c-a65f-bcb3afb93b5e/scid/5fd934bf-6fea-41e6-b7aa-9a98f45bf015?
Frozen Food & Ice Creams,Frozen Veggies & Pulp,https://www.zeptonow.com/cn/frozen-food-ice-creams/frozen-veggies-pulp/cid/aae1447d-1403-4a5c-a65f-bcb3afb93b5e/scid/5fd4bc47-3a98-4984-a2ac-a8f02c4149cd?
Baby Food,Cart,https://www.zeptonow.com/cn/packaged-food/baby-food/cid/5736ad99-f589-4d58-a24b-a12222320a37/scid/5eef200f-d318-4dad-90bd-ccc579d165f3?cart=open
Baby Food,Packaged Food,https://www.zeptonow.com/cn/packaged-food/top-picks/cid/5736ad99-f589-4d58-a24b-a12222320a37/scid/dbb39a86-256b-4664-81ed-6668418a5436?
Baby Food,Noodles & Vermicelli,https://www.zeptonow.com/cn/packaged-food/noodles-vermicelli/cid/5736ad99-f589-4d58-a24b-a12222320a37/scid/d5fbe386-0579-4461-b88b-af427ffb31ea?
Baby Food,Pasta & Soups,https://www.zeptonow.com/cn/packaged-food/pasta-soups/cid/5736ad99-f589-4d58-a24b-a12222320a37/scid/3d2b3d99-63d3-43da-b100-baa0c8b283bf?
Baby Food,"Papads, Pickles & Chutney",https://www.zeptonow.com/cn/packaged-food/papads-pickles-chutney/cid/5736ad99-f589-4d58-a24b-a12222320a37/scid/460558e5-c6bf-401f-9f8d-fa86f0b6043a?
Baby Food,Ready To Cook,https://www.zeptonow.com/cn/packaged-food/ready-to-cook/cid/5736ad99-f589-4d58-a24b-a12222320a37/scid/c827a6d8-3834-4f80-9146-14dc7cc69eb4?
Baby Food,Ready To Eat,https://www.zeptonow.com/cn/packaged-food/ready-to-eat/cid/5736ad99-f589-4d58-a24b-a12222320a37/scid/c28114a0-2fc3-4274-8a68-04ead1adfb47?
Baby Food,Baby Food,https://www.zeptonow.com/cn/packaged-food/baby-food/cid/5736ad99-f589-4d58-a24b-a12222320a37/scid/5eef200f-d318-4dad-90bd-ccc579d165f3?
Baby Food,Baking Mixes & Ingredients,https://www.zeptonow.com/cn/packaged-food/baking-mixes-ingredients/cid/5736ad99-f589-4d58-a24b-a12222320a37/scid/941f0a50-2122-4e9e-baf9-35d66323f948?
Baby Food,Dessert Mixes,https://www.zeptonow.com/cn/packaged-food/dessert-mixes/cid/5736ad99-f589-4d58-a24b-a12222320a37/scid/a62e5e4f-1c24-44cc-b911-cc684fa4ad24?
"Dairy, Bread & Eggs",Cart,https://www.zeptonow.com/cn/dairy-bread-eggs/top-picks/cid/4b938e02-7bde-4479-bc0a-2b54cb6bd5f5/scid/b26b6bcf-7c81-48e7-a9bc-fec3825bad2a?cart=open
Cold Drinks & Juices,Cart,https://www.zeptonow.com/cn/cold-drinks-juices/top-picks/cid/947a72ae-b371-45cb-ad3a-778c05b64399/scid/7dceec53-78f9-4f06-83d7-c8edd9c2f71a?cart=open
Cold Drinks & Juices,Cold Drinks Juices,https://www.zeptonow.com/cn/cold-drinks-juices/top-picks/cid/947a72ae-b371-45cb-ad3a-778c05b64399/scid/7dceec53-78f9-4f06-83d7-c8edd9c2f71a?
Cold Drinks & Juices,Soft Drinks,https://www.zeptonow.com/cn/cold-drinks-juices/soft-drinks/cid/947a72ae-b371-45cb-ad3a-778c05b64399/scid/dff3658b-c351-4e7f-8196-e98d0c66d99e?
Cold Drinks & Juices,Soda & Mixers,https://www.zeptonow.com/cn/cold-drinks-juices/soda-mixers/cid/947a72ae-b371-45cb-ad3a-778c05b64399/scid/0df54b3f-11f6-4ada-b38a-9be38ea25eba?
Cold Drinks & Juices,Fruit Juices & Drinks,https://www.zeptonow.com/cn/cold-drinks-juices/fruit-juices-drinks/cid/947a72ae-b371-45cb-ad3a-778c05b64399/scid/c41e2ad3-2dcc-42b6-829b-7e3a8e78d754?
Cold Drinks & Juices,Cold Coffee & Iced Tea,https://www.zeptonow.com/cn/cold-drinks-juices/cold-coffee-iced-tea/cid/947a72ae-b371-45cb-ad3a-778c05b64399/scid/475bd0f2-3690-43cf-a541-87cf20e18ff1?
Cold Drinks & Juices,Non-Alcoholic & Energy Drink,https://www.zeptonow.com/cn/cold-drinks-juices/non-alcoholic-energy-drink/cid/947a72ae-b371-45cb-ad3a-778c05b64399/scid/c6bba2b2-6b2d-4bd4-ae3d-adb6f9383393?
Cold Drinks & Juices,Water,https://www.zeptonow.com/cn/cold-drinks-juices/water/cid/947a72ae-b371-45cb-ad3a-778c05b64399/scid/b783925b-6b57-4750-99f6-01ea5145ec5e?
Cold Drinks & Juices,Value Added Hydration,https://www.zeptonow.com/cn/cold-drinks-juices/value-added-hydration/cid/947a72ae-b371-45cb-ad3a-778c05b64399/scid/b088d5e3-9d52-405c-97a6-b2ab8e073575?
Cold Drinks & Juices,Milk Drinks,https://www.zeptonow.com/cn/cold-drinks-juices/milk-drinks/cid/947a72ae-b371-45cb-ad3a-778c05b64399/scid/c5638eba-30c0-4a40-8c63-c9947fd22c16?
Cold Drinks & Juices,Vegan Drinks,https://www.zeptonow.com/cn/cold-drinks-juices/vegan-drinks/cid/947a72ae-b371-45cb-ad3a-778c05b64399/scid/dcfd1067-a597-4ef0-81d6-9a3d1b9a2891?
Cold Drinks & Juices,Instant Drink Mixes,https://www.zeptonow.com/cn/cold-drinks-juices/instant-drink-mixes/cid/947a72ae-b371-45cb-ad3a-778c05b64399/scid/4d088b94-ba43-4bf0-a881-a573862aa0a1?
Cold Drinks & Juices,Zepto Cafe,https://www.zeptonow.com/cn/cold-drinks-juices/zepto-cafe/cid/947a72ae-b371-45cb-ad3a-778c05b64399/scid/d7b1c36b-25fc-450c-a2f4-84fd5a68f996?
Cold Drinks & Juices,Top Deals,https://www.zeptonow.com/cn/cold-drinks-juices/top-deals/cid/947a72ae-b371-45cb-ad3a-778c05b64399/scid/b17f0949-cd3c-4abf-ad9f-1ee8308c8cde?
Munchies,Cart,https://www.zeptonow.com/cn/munchies/top-picks/cid/d2c2a144-43cd-43e5-b308-92628fa68596/scid/d648ea7c-18f0-4178-a202-4751811b086b?cart=open
Munchies,Munchies,https://www.zeptonow.com/cn/munchies/top-picks/cid/d2c2a144-43cd-43e5-b308-92628fa68596/scid/d648ea7c-18f0-4178-a202-4751811b086b?
Munchies,Chips & Crisps,https://www.zeptonow.com/cn/munchies/chips-crisps/cid/d2c2a144-43cd-43e5-b308-92628fa68596/scid/df4f5100-c02f-4906-83b8-ddb744081a7a?
Munchies,Zepto Cafe,https://www.zeptonow.com/cn/munchies/zepto-cafe/cid/d2c2a144-43cd-43e5-b308-92628fa68596/scid/a0f89bc4-0c31-42c3-b1db-e25e6771ef1d?
Munchies,Namkeens,https://www.zeptonow.com/cn/munchies/namkeens/cid/d2c2a144-43cd-43e5-b308-92628fa68596/scid/bfd35e8f-39b8-483f-8e3a-b80231d614ce?
Munchies,Nachos,https://www.zeptonow.com/cn/munchies/nachos/cid/d2c2a144-43cd-43e5-b308-92628fa68596/scid/b3a8697a-e355-4368-976d-c389ff34a90e?
Munchies,Popcorn,https://www.zeptonow.com/cn/munchies/popcorn/cid/d2c2a144-43cd-43e5-b308-92628fa68596/scid/06fd05d2-ed6d-4355-9c1d-ef7909ff1584?
Munchies,Dry Fruits & Nuts Munchies,https://www.zeptonow.com/cn/munchies/dry-fruits-nuts-munchies/cid/d2c2a144-43cd-43e5-b308-92628fa68596/scid/67fe57ab-558c-4949-9e52-60a1306d3619?
Munchies,Energy Bars,https://www.zeptonow.com/cn/munchies/energy-bars/cid/d2c2a144-43cd-43e5-b308-92628fa68596/scid/08b6d5d6-ff35-4172-8240-514f84e7c0ee?
"Meats, Fish & Eggs",Cart,https://www.zeptonow.com/cn/meats-fish-eggs/top-picks/cid/4654bd8a-fb30-4ee1-ab30-4bf581b6c6e3/scid/b6fbf886-79f1-4a34-84bf-4aed50175418?cart=open
"Meats, Fish & Eggs",Meats Fish Eggs,https://www.zeptonow.com/cn/meats-fish-eggs/top-picks/cid/4654bd8a-fb30-4ee1-ab30-4bf581b6c6e3/scid/b6fbf886-79f1-4a34-84bf-4aed50175418?
"Meats, Fish & Eggs",Chicken,https://www.zeptonow.com/cn/meats-fish-eggs/chicken/cid/4654bd8a-fb30-4ee1-ab30-4bf581b6c6e3/scid/95157c69-f03e-48e5-ae2f-d947af34397f?
"Meats, Fish & Eggs",Fish & Sea Food,https://www.zeptonow.com/cn/meats-fish-eggs/fish-sea-food/cid/4654bd8a-fb30-4ee1-ab30-4bf581b6c6e3/scid/c41382e7-5331-4116-ab96-8cf25af8eab9?
"Meats, Fish & Eggs",Mutton,https://www.zeptonow.com/cn/meats-fish-eggs/mutton/cid/4654bd8a-fb30-4ee1-ab30-4bf581b6c6e3/scid/af20acbf-4144-4482-8e42-1352843803a1?
"Meats, Fish & Eggs",Marinades & Kebabs,https://www.zeptonow.com/cn/meats-fish-eggs/marinades-kebabs/cid/4654bd8a-fb30-4ee1-ab30-4bf581b6c6e3/scid/4c2742c5-f4ca-4454-90ef-17527af7160f?
"Meats, Fish & Eggs",Sausages & Salami,https://www.zeptonow.com/cn/meats-fish-eggs/sausages-salami/cid/4654bd8a-fb30-4ee1-ab30-4bf581b6c6e3/scid/bb339b8b-5c92-4813-a95d-c856ac083556?
"Meats, Fish & Eggs","Canned & Dry Fish, Pickles",https://www.zeptonow.com/cn/meats-fish-eggs/canned-dry-fish-pickles/cid/4654bd8a-fb30-4ee1-ab30-4bf581b6c6e3/scid/391ae139-16d9-4cdf-8c4f-22f5694a9d9e?
"Meats, Fish & Eggs",Combos,https://www.zeptonow.com/cn/meats-fish-eggs/combos/cid/4654bd8a-fb30-4ee1-ab30-4bf581b6c6e3/scid/a0f66fae-207e-44e8-a493-a3d14857d1e7?
"Meats, Fish & Eggs",Egg,https://www.zeptonow.com/cn/meats-fish-eggs/egg/cid/4654bd8a-fb30-4ee1-ab30-4bf581b6c6e3/scid/b9cd2709-1fbd-4f0d-91b1-71fecc094b60?
Breakfast & Sauces,Cart,https://www.zeptonow.com/cn/breakfast-sauces/top-picks/cid/f804bccc-c565-4879-b6ab-1b964bb1ed41/scid/68922181-4e0e-4a6b-9862-cf1a02ba240e?cart=open
Breakfast & Sauces,Breakfast Sauces,https://www.zeptonow.com/cn/breakfast-sauces/top-picks/cid/f804bccc-c565-4879-b6ab-1b964bb1ed41/scid/68922181-4e0e-4a6b-9862-cf1a02ba240e?
Breakfast & Sauces,Breakfast Cereals,https://www.zeptonow.com/cn/breakfast-sauces/breakfast-cereals/cid/f804bccc-c565-4879-b6ab-1b964bb1ed41/scid/c07e4c22-d076-45b0-9c73-92c117956810?
Breakfast & Sauces,Ketchup & Sauces,https://www.zeptonow.com/cn/breakfast-sauces/ketchup-sauces/cid/f804bccc-c565-4879-b6ab-1b964bb1ed41/scid/cbacc78b-ae17-4324-8fd5-0ba540b10fb7?
Breakfast & Sauces,Muesli & Oats,https://www.zeptonow.com/cn/breakfast-sauces/muesli-oats/cid/f804bccc-c565-4879-b6ab-1b964bb1ed41/scid/dafa5c98-3367-4624-90a4-0a2af6e695c3?
Breakfast & Sauces,Honey & Spreads,https://www.zeptonow.com/cn/breakfast-sauces/honey-spreads/cid/f804bccc-c565-4879-b6ab-1b964bb1ed41/scid/afce5895-f724-458f-8e23-28354a437c96?
Breakfast & Sauces,Peanut Butter,https://www.zeptonow.com/cn/breakfast-sauces/peanut-butter/cid/f804bccc-c565-4879-b6ab-1b964bb1ed41/scid/645a456e-adb6-4756-89d7-d9dda53738f8?
Breakfast & Sauces,Batter & Mixes,https://www.zeptonow.com/cn/breakfast-sauces/batter-mixes/cid/f804bccc-c565-4879-b6ab-1b964bb1ed41/scid/01b6ce0b-071a-4e32-b671-994f6d6da8b8?
Breakfast & Sauces,Tea & Coffee,https://www.zeptonow.com/cn/breakfast-sauces/tea-coffee/cid/f804bccc-c565-4879-b6ab-1b964bb1ed41/scid/75cb08c9-27c6-403e-b3fc-a7c7c0c4fc8d?
Breakfast & Sauces,Zepto Cafe,https://www.zeptonow.com/cn/breakfast-sauces/zepto-cafe/cid/f804bccc-c565-4879-b6ab-1b964bb1ed41/scid/60a35530-9491-4baf-9ec9-462add14e112?
Breakfast & Sauces,Dates & Seeds,https://www.zeptonow.com/cn/breakfast-sauces/dates-seeds/cid/f804bccc-c565-4879-b6ab-1b964bb1ed41/scid/9d6d4808-7c23-4999-8748-19de3446b25d?
"Tea, Coffee & More",Cart,https://www.zeptonow.com/cn/tea-coffee-more/top-picks/cid/d7e98d87-6850-4cf9-a37c-e4fa34ae302c/scid/e6763c2d-0bf3-4332-82e4-0c8df1c94cad?cart=open
"Tea, Coffee & More",Tea Coffee More,https://www.zeptonow.com/cn/tea-coffee-more/top-picks/cid/d7e98d87-6850-4cf9-a37c-e4fa34ae302c/scid/e6763c2d-0bf3-4332-82e4-0c8df1c94cad?
"Tea, Coffee & More",Tea,https://www.zeptonow.com/cn/tea-coffee-more/tea/cid/d7e98d87-6850-4cf9-a37c-e4fa34ae302c/scid/3c1856d3-7dd9-4657-8b14-4f47046c9369?
"Tea, Coffee & More",Coffee,https://www.zeptonow.com/cn/tea-coffee-more/coffee/cid/d7e98d87-6850-4cf9-a37c-e4fa34ae302c/scid/0055bf0a-f578-4fa7-8b98-0c6e446bbe29?
"Tea, Coffee & More",Zepto Cafe,https://www.zeptonow.com/cn/tea-coffee-more/zepto-cafe/cid/d7e98d87-6850-4cf9-a37c-e4fa34ae302c/scid/5712deed-7a70-4d88-b21a-352eaff18dc3?
"Tea, Coffee & More",Cold Coffee & Iced Tea,https://www.zeptonow.com/cn/tea-coffee-more/cold-coffee-iced-tea/cid/d7e98d87-6850-4cf9-a37c-e4fa34ae302c/scid/0d755c75-58ff-446e-8761-8b06781d167a?
"Tea, Coffee & More",Drink Mixes,https://www.zeptonow.com/cn/tea-coffee-more/drink-mixes/cid/d7e98d87-6850-4cf9-a37c-e4fa34ae302c/scid/ba628461-3043-41a7-abba-32518b742930?
"Tea, Coffee & More",Green & Herbal Tea,https://www.zeptonow.com/cn/tea-coffee-more/green-herbal-tea/cid/d7e98d87-6850-4cf9-a37c-e4fa34ae302c/scid/d9d62fba-e97d-4d9d-88a9-c226f116e976?
Biscuits,Cart,https://www.zeptonow.com/cn/biscuits/top-picks/cid/2552acf2-2f77-4714-adc8-e505de3985db/scid/3a10723e-ba14-4e5c-bdeb-a4dce2c1bec4?cart=open
Biscuits,Biscuits,https://www.zeptonow.com/cn/biscuits/top-picks/cid/2552acf2-2f77-4714-adc8-e505de3985db/scid/3a10723e-ba14-4e5c-bdeb-a4dce2c1bec4?
Biscuits,Creamfills,https://www.zeptonow.com/cn/biscuits/creamfills/cid/2552acf2-2f77-4714-adc8-e505de3985db/scid/76b87813-c0ff-451d-accf-d6840a42a067?
Biscuits,Cookies,https://www.zeptonow.com/cn/biscuits/cookies/cid/2552acf2-2f77-4714-adc8-e505de3985db/scid/7b07c0b3-d0c6-4ec0-995a-35c17adce0d8?
Biscuits,Crackers,https://www.zeptonow.com/cn/biscuits/crackers/cid/2552acf2-2f77-4714-adc8-e505de3985db/scid/9fbe608d-c5b9-4ade-b1cb-09eb1a493bb0?
Biscuits,Wafers,https://www.zeptonow.com/cn/biscuits/wafers/cid/2552acf2-2f77-4714-adc8-e505de3985db/scid/f9502427-0360-4926-9db3-94a65d04d9ed?
Biscuits,Glucose & Marie,https://www.zeptonow.com/cn/biscuits/glucose-marie/cid/2552acf2-2f77-4714-adc8-e505de3985db/scid/557279cf-a155-4b94-b5cc-97185bd30aee?
Biscuits,Digestives,https://www.zeptonow.com/cn/biscuits/digestives/cid/2552acf2-2f77-4714-adc8-e505de3985db/scid/55908138-86a0-49d8-a77a-1ebb4bc1bb8f?
Biscuits,Rusk & Khari,https://www.zeptonow.com/cn/biscuits/rusk-khari/cid/2552acf2-2f77-4714-adc8-e505de3985db/scid/703faebd-1224-4913-8c32-bb862d1fda62?
Makeup & Beauty,Cart,https://www.zeptonow.com/cn/makeup-beauty/top-picks/cid/2e5eae34-1666-4ddc-8903-76e6547f72e4/scid/ec8f18ec-4d22-46cf-b4e1-f81df396f560?cart=open
Makeup & Beauty,Makeup Beauty,https://www.zeptonow.com/cn/makeup-beauty/beauty-accessories/cid/2e5eae34-1666-4ddc-8903-76e6547f72e4/scid/ec8f18ec-4d22-46cf-b4e1-f81df396f560?
Makeup & Beauty,Nails,https://www.zeptonow.com/cn/makeup-beauty/nails/cid/2e5eae34-1666-4ddc-8903-76e6547f72e4/scid/604d6342-f5c9-4187-82fe-9a2f859c9d69?
Makeup & Beauty,Face Makeup,https://www.zeptonow.com/cn/makeup-beauty/face-makeup/cid/2e5eae34-1666-4ddc-8903-76e6547f72e4/scid/36eec32a-adcb-4a35-8f27-c9f6eb6ec6ac?
Makeup & Beauty,Gifting,https://www.zeptonow.com/cn/makeup-beauty/gifting/cid/2e5eae34-1666-4ddc-8903-76e6547f72e4/scid/0202fff3-7c02-4c3a-a067-7e2a082c3a70?
Makeup & Beauty,Eye Makeup,https://www.zeptonow.com/cn/makeup-beauty/eye-makeup/cid/2e5eae34-1666-4ddc-8903-76e6547f72e4/scid/94cc7afd-328a-4489-98af-5bcad2d7bbaf?
Makeup & Beauty,Lips Makeup,https://www.zeptonow.com/cn/makeup-beauty/lips-makeup/cid/2e5eae34-1666-4ddc-8903-76e6547f72e4/scid/127cb167-131a-487c-a81d-9d32edeca0d7?
Bath & Body,Cart,https://www.zeptonow.com/cn/bath-body/shampoo-conditioner/cid/26e64367-19ad-4f80-a763-42599d4215ee/scid/b493b1f8-c617-45e6-8a73-95239637bd5c?cart=open
Bath & Body,Bath Body,https://www.zeptonow.com/cn/bath-body/top-deals/cid/26e64367-19ad-4f80-a763-42599d4215ee/scid/b493b1f8-c617-45e6-8a73-95239637bd5c?
Bath & Body,Shower Gels,https://www.zeptonow.com/cn/bath-body/shower-gels/cid/26e64367-19ad-4f80-a763-42599d4215ee/scid/e8801cfd-49d0-4388-bc29-f83258204d39?
Bath & Body,Soaps,https://www.zeptonow.com/cn/bath-body/soaps/cid/26e64367-19ad-4f80-a763-42599d4215ee/scid/98e244c8-e4ef-4460-ade3-91957fc1e326?
Bath & Body,Toothpaste & Mouthwash,https://www.zeptonow.com/cn/bath-body/toothpaste-mouthwash/cid/26e64367-19ad-4f80-a763-42599d4215ee/scid/08fa530f-c532-4027-b0d2-b128cd6b61d9?
Bath & Body,Toothbrush & More,https://www.zeptonow.com/cn/bath-body/toothbrush-more/cid/26e64367-19ad-4f80-a763-42599d4215ee/scid/29c3e7d4-a68b-4051-86f6-0e57fd45bd62?
Bath & Body,Bath Accessories,https://www.zeptonow.com/cn/bath-body/bath-accessories/cid/26e64367-19ad-4f80-a763-42599d4215ee/scid/201f0076-e25c-412d-a9df-8cb8a07af57e?
Bath & Body,Handwash & Sanitizers,https://www.zeptonow.com/cn/bath-body/handwash-sanitizers/cid/26e64367-19ad-4f80-a763-42599d4215ee/scid/5f79333b-5629-4cdf-9425-c7525f5f7c87?
Bath & Body,Talcum Powder,https://www.zeptonow.com/cn/bath-body/talcum-powder/cid/26e64367-19ad-4f80-a763-42599d4215ee/scid/c95e9e86-e3c1-4806-be5b-ab323bf86c6b?
Bath & Body,Body Creams,https://www.zeptonow.com/cn/bath-body/body-creams/cid/26e64367-19ad-4f80-a763-42599d4215ee/scid/b04152b0-3d75-4cc6-91e0-8b158f08a978?
Bath & Body,Baby Bath,https://www.zeptonow.com/cn/bath-body/baby-bath/cid/26e64367-19ad-4f80-a763-42599d4215ee/scid/8b8159cb-2033-4282-9402-3430a1415a7c?
Cleaning Essentials,Cart,https://www.zeptonow.com/cn/cleaning-essentials/liquid-detergents-additives/cid/1a7e46a8-e627-450f-8960-490b550eeee6/scid/dfb37880-b40f-4783-9502-a56e12edbabc?cart=open
Cleaning Essentials,Cleaning Essentials,https://www.zeptonow.com/cn/cleaning-essentials/detergent-powder-bars/cid/1a7e46a8-e627-450f-8960-490b550eeee6/scid/6d8da507-b86b-48b8-ad99-9e5a5c61a48f?
Cleaning Essentials,Liquid Detergents & Additives,https://www.zeptonow.com/cn/cleaning-essentials/liquid-detergents-additives/cid/1a7e46a8-e627-450f-8960-490b550eeee6/scid/dfb37880-b40f-4783-9502-a56e12edbabc?
Cleaning Essentials,Dishwash Gels & Bars,https://www.zeptonow.com/cn/cleaning-essentials/dishwash-gels-bars/cid/1a7e46a8-e627-450f-8960-490b550eeee6/scid/f370ad06-83f2-4831-95dd-644c675e068f?
Cleaning Essentials,Kitchen Cleaning,https://www.zeptonow.com/cn/cleaning-essentials/kitchen-cleaning/cid/1a7e46a8-e627-450f-8960-490b550eeee6/scid/2b94ac09-f492-4f0e-9ed5-767f18955a86?
Cleaning Essentials,Floor & Surface Cleaners,https://www.zeptonow.com/cn/cleaning-essentials/floor-surface-cleaners/cid/1a7e46a8-e627-450f-8960-490b550eeee6/scid/d22a9423-0063-4102-9f09-57e79ff030e3?
Cleaning Essentials,Toilet & Bathroom Cleaners,https://www.zeptonow.com/cn/cleaning-essentials/toilet-bathroom-cleaners/cid/1a7e46a8-e627-450f-8960-490b550eeee6/scid/e0620547-3879-443c-b936-4890f7ac557b?
Cleaning Essentials,Fresheners,https://www.zeptonow.com/cn/cleaning-essentials/fresheners/cid/1a7e46a8-e627-450f-8960-490b550eeee6/scid/81839fb1-a09d-46e8-a58d-367b26df0de4?
Cleaning Essentials,Laundry Additives,https://www.zeptonow.com/cn/cleaning-essentials/laundry-additives/cid/1a7e46a8-e627-450f-8960-490b550eeee6/scid/a625cca0-c8fe-495b-b4d7-c2c802d6d05e?
Cleaning Essentials,Repellents,https://www.zeptonow.com/cn/cleaning-essentials/repellents/cid/1a7e46a8-e627-450f-8960-490b550eeee6/scid/3b8d9db5-1953-4593-b4ce-8593f6fbd67a?
Cleaning Essentials,Shoe Care,https://www.zeptonow.com/cn/cleaning-essentials/shoe-care/cid/1a7e46a8-e627-450f-8960-490b550eeee6/scid/98f11962-f2cc-4148-8fdf-03f3df7895ee?
Cleaning Essentials,Baby Hygiene,https://www.zeptonow.com/cn/cleaning-essentials/baby-hygiene/cid/1a7e46a8-e627-450f-8960-490b550eeee6/scid/65ad72aa-458c-487f-a0e9-bdd43a13b974?
Home Needs,Cart,https://www.zeptonow.com/cn/home-needs/top-picks/cid/ac7b3ee1-98cb-48b8-8c62-27f47b4185a2/scid/e23f3966-4135-4aa2-88ca-0baa7dce1e68?cart=open
Home Needs,Home Needs,https://www.zeptonow.com/cn/home-needs/top-picks/cid/ac7b3ee1-98cb-48b8-8c62-27f47b4185a2/scid/e23f3966-4135-4aa2-88ca-0baa7dce1e68?
Home Needs,Cleaning Aids,https://www.zeptonow.com/cn/home-needs/cleaning-aids/cid/ac7b3ee1-98cb-48b8-8c62-27f47b4185a2/scid/02f8b966-5104-4be7-bac5-a5845ef3c0df?
Home Needs,Pooja & Worship Needs,https://www.zeptonow.com/cn/home-needs/pooja-worship-needs/cid/ac7b3ee1-98cb-48b8-8c62-27f47b4185a2/scid/b61dac0b-7229-48f8-ab6d-37c4bb03ffe3?
Home Needs,Household Utility,https://www.zeptonow.com/cn/home-needs/household-utility/cid/ac7b3ee1-98cb-48b8-8c62-27f47b4185a2/scid/15de07de-9be1-4938-bc9c-8a505d13cd2f?
Home Needs,Tissues & Disposables,https://www.zeptonow.com/cn/home-needs/tissues-disposables/cid/ac7b3ee1-98cb-48b8-8c62-27f47b4185a2/scid/9d0a7e11-73b6-4cbb-b00b-108b2f65e59f?
Home Needs,Hardware & Fittings,https://www.zeptonow.com/cn/home-needs/hardware-fittings/cid/ac7b3ee1-98cb-48b8-8c62-27f47b4185a2/scid/f1af5c84-d9e8-43db-9240-bb69983453eb?
Home Needs,Gardening,https://www.zeptonow.com/cn/home-needs/gardening/cid/ac7b3ee1-98cb-48b8-8c62-27f47b4185a2/scid/ac5a1bc2-2865-4050-a01b-527e014b73d8?
Home Needs,Storage & Organizer,https://www.zeptonow.com/cn/home-needs/storage-organizer/cid/ac7b3ee1-98cb-48b8-8c62-27f47b4185a2/scid/2270f04e-fc1b-48b6-973a-ed660c71c3e6?
Home Needs,Party Needs,https://www.zeptonow.com/cn/home-needs/party-needs/cid/ac7b3ee1-98cb-48b8-8c62-27f47b4185a2/scid/34cf1fd0-fb54-473a-8645-e6489ffa9970?
Home Needs,Festive Needs,https://www.zeptonow.com/cn/home-needs/festive-needs/cid/ac7b3ee1-98cb-48b8-8c62-27f47b4185a2/scid/d74ddb01-0705-4cea-88f7-fe7ad668a85b?
Home Needs,Tools & Measuring Equipment,https://www.zeptonow.com/cn/home-needs/tools-measuring-equipment/cid/ac7b3ee1-98cb-48b8-8c62-27f47b4185a2/scid/30f33fa2-86c2-40c9-8c5e-66f34f21dfad?
Home Needs,Combos,https://www.zeptonow.com/cn/home-needs/combos/cid/ac7b3ee1-98cb-48b8-8c62-27f47b4185a2/scid/b9009cb8-8034-4dc2-b0c3-ceafdf5a0242?
Home Needs,Automotive Needs,https://www.zeptonow.com/cn/home-needs/automotive-needs/cid/ac7b3ee1-98cb-48b8-8c62-27f47b4185a2/scid/c2814f4b-969b-4255-9e49-578b4cad468a?
Home Needs,Bath & Laundry,https://www.zeptonow.com/cn/home-needs/bath-laundry/cid/ac7b3ee1-98cb-48b8-8c62-27f47b4185a2/scid/c7af1b71-f45d-46e1-be0d-39cab2617fd1?
Home Needs,Home Furnishing,https://www.zeptonow.com/cn/home-needs/home-furnishing/cid/ac7b3ee1-98cb-48b8-8c62-27f47b4185a2/scid/b4ddbe38-f680-499d-ac87-2cc30b8baa43?
Home Needs,Home Decor,https://www.zeptonow.com/cn/home-needs/home-decor/cid/ac7b3ee1-98cb-48b8-8c62-27f47b4185a2/scid/337a74f4-70e6-4ca8-9179-6f5367f60497?
Homegrown Brands,Cart,https://www.zeptonow.com/cn/homegrown-brands/tea-coffee/cid/2223e3e6-334d-4aa8-8e22-dcf577faa933/scid/353b3339-3f85-416d-b662-9c42685c96ce?cart=open
Homegrown Brands,Homegrown Brands,https://www.zeptonow.com/cn/homegrown-brands/drinks-juices/cid/2223e3e6-334d-4aa8-8e22-dcf577faa933/scid/977da1b7-dea7-46e1-ae4c-58b8e9b6e2a6?
Homegrown Brands,Assorted Snacks,https://www.zeptonow.com/cn/homegrown-brands/assorted-snacks/cid/2223e3e6-334d-4aa8-8e22-dcf577faa933/scid/64b32472-6ab0-4c23-bf57-9c63f87d49f8?
Homegrown Brands,Instant & Packaged Food,https://www.zeptonow.com/cn/homegrown-brands/instant-packaged-food/cid/2223e3e6-334d-4aa8-8e22-dcf577faa933/scid/d4cd15d1-ee37-49c1-9484-1048ec98956c?
Homegrown Brands,Makeup & Beauty,https://www.zeptonow.com/cn/homegrown-brands/makeup-beauty/cid/2223e3e6-334d-4aa8-8e22-dcf577faa933/scid/ac04bfa3-bd88-442a-90bb-4290a5e5cc67?
Homegrown Brands,Personal Care,https://www.zeptonow.com/cn/homegrown-brands/personal-care/cid/2223e3e6-334d-4aa8-8e22-dcf577faa933/scid/a1ff8f58-5021-4065-a351-906908403789?
Homegrown Brands,Hygiene & Grooming,https://www.zeptonow.com/cn/homegrown-brands/hygiene-grooming/cid/2223e3e6-334d-4aa8-8e22-dcf577faa933/scid/9fca9c24-86bb-45e6-9d4e-14e0b3c183e2?
Homegrown Brands,"Dairy, Bread & Eggs",https://www.zeptonow.com/cn/homegrown-brands/dairy-bread-eggs/cid/2223e3e6-334d-4aa8-8e22-dcf577faa933/scid/7b55a948-4776-417b-9df4-bc55c63822ef?
Homegrown Brands,Home & Cleaning,https://www.zeptonow.com/cn/homegrown-brands/home-cleaning/cid/2223e3e6-334d-4aa8-8e22-dcf577faa933/scid/b5fe24d9-f1f5-4cfd-8ac4-27a29e8d3225?
Homegrown Brands,Home Electronics,https://www.zeptonow.com/cn/homegrown-brands/home-electronics/cid/2223e3e6-334d-4aa8-8e22-dcf577faa933/scid/8562fd85-8033-4e23-8e8d-30741c39a5c2?
Homegrown Brands,Sweet Tooth,https://www.zeptonow.com/cn/homegrown-brands/sweet-tooth/cid/2223e3e6-334d-4aa8-8e22-dcf577faa933/scid/f37d30a5-2960-44ce-bc09-66980078ed1f?
Homegrown Brands,Breakfast & Sauces,https://www.zeptonow.com/cn/homegrown-brands/breakfast-sauces/cid/2223e3e6-334d-4aa8-8e22-dcf577faa933/scid/29759c83-faa5-4a00-aa84-91749767e07c?
Homegrown Brands,Tea & Coffee,https://www.zeptonow.com/cn/homegrown-brands/tea-coffee/cid/2223e3e6-334d-4aa8-8e22-dcf577faa933/scid/353b3339-3f85-416d-b662-9c42685c96ce?
Homegrown Brands,All Cooking Essentials,https://www.zeptonow.com/cn/homegrown-brands/all-cooking-essentials/cid/2223e3e6-334d-4aa8-8e22-dcf577faa933/scid/dd24b108-cd04-47bf-ad65-8a07a66bd26a?
Homegrown Brands,Health & Baby Care,https://www.zeptonow.com/cn/homegrown-brands/health-baby-care/cid/2223e3e6-334d-4aa8-8e22-dcf577faa933/scid/25cc6fce-51f4-4039-b7fd-a73ca4254728?
Homegrown Brands,Fruits & Vegetables,https://www.zeptonow.com/cn/homegrown-brands/fruits-vegetables/cid/2223e3e6-334d-4aa8-8e22-dcf577faa933/scid/00837768-28a4-4561-a1b0-dd012afc74c8?
